race,classtype,yearssmall,hsgrad,g4math,g4reading
Black,small,4,NA,672,659
White,regular,0,NA,NA,NA
White,small,4,NA,668,657
White,small,4,1,709,725
White,regular,0,1,698,692
Black,regular,0,1,NA,NA
White,small,1,NA,NA,NA
White,regular,2,NA,NA,NA
White,regular,1,NA,NA,NA
Black,small,4,NA,NA,NA
White,small,1,NA,NA,NA
Black,regular,0,1,NA,NA
White,small,2,NA,NA,NA
White,small,4,1,740,836
White,regular,0,1,NA,NA
White,regular,0,NA,NA,NA
White,regular,0,NA,758,836
Black,regular,0,1,NA,NA
White,small,4,NA,685,785
White,small,4,1,771,725
Black,small,1,1,NA,NA
Black,small,1,NA,NA,NA
Black,small,2,0,NA,NA
Black,small,3,1,NA,NA
White,small,4,1,709,761
Black,small,3,NA,NA,NA
Black,small,2,0,NA,NA
Black,regular,0,NA,NA,NA
Black,small,1,0,NA,NA
White,small,3,NA,NA,NA
White,small,1,1,NA,NA
White,small,4,NA,679,678
White,regular,0,NA,NA,NA
Black,small,1,1,NA,NA
Black,small,1,NA,NA,NA
White,regular,0,NA,NA,NA
White,regular,0,NA,NA,NA
White,regular,1,1,NA,NA
White,regular,0,1,698,778
White,regular,0,NA,NA,NA
White,regular,0,NA,NA,NA
Black,regular,0,0,NA,NA
Black,small,1,NA,NA,NA
Black,regular,0,NA,NA,NA
White,small,2,NA,NA,NA
White,regular,0,NA,NA,NA
White,regular,0,NA,NA,NA
White,regular,0,NA,NA,NA
White,regular,0,NA,NA,NA
White,regular,1,NA,NA,NA
White,regular,0,NA,NA,NA
White,regular,0,0,NA,NA
Black,regular,0,0,NA,NA
White,regular,0,NA,NA,NA
Black,small,1,NA,NA,NA
White,regular,0,NA,NA,NA
Black,regular,0,NA,NA,NA
White,regular,0,0,744,735
White,regular,0,NA,NA,NA
White,regular,0,1,NA,NA
Black,small,1,NA,NA,NA
White,small,2,1,NA,NA
White,regular,0,NA,NA,NA
Black,regular,0,NA,NA,NA
Black,regular,0,NA,690,570
White,small,1,NA,NA,NA
Black,regular,0,NA,NA,NA
White,regular,0,1,727,750
Black,small,3,NA,NA,NA
White,regular,0,0,487,616
White,regular,1,0,674,675
Black,small,1,NA,NA,NA
White,regular,0,NA,NA,NA
Black,regular,0,0,666,644
White,regular,0,NA,NA,NA
Black,regular,0,1,NA,NA
White,regular,0,1,664,528
Black,small,3,NA,NA,NA
Black,regular,0,NA,NA,NA
White,regular,3,NA,736,782
Black,regular,0,NA,NA,NA
White,regular,0,NA,NA,NA
Black,small,1,0,NA,NA
White,regular,0,1,702,771
White,small,4,1,744,772
White,regular,0,1,NA,NA
White,small,1,NA,NA,NA
Black,regular,0,1,654,647
Black,regular,0,NA,NA,NA
White,regular,0,NA,NA,NA
White,small,1,NA,NA,NA
White,small,4,NA,NA,NA
White,small,3,0,NA,NA
White,small,1,NA,NA,NA
White,small,4,1,680,528
White,small,4,0,666,675
White,regular,0,NA,NA,NA
Black,small,1,NA,NA,NA
Black,regular,0,NA,NA,NA
Black,regular,0,NA,NA,NA
Black,small,4,0,NA,NA
Black,regular,0,1,NA,NA
White,small,4,NA,NA,NA
Black,regular,0,NA,NA,NA
White,small,2,NA,NA,NA
White,regular,0,NA,NA,NA
White,regular,2,NA,NA,NA
White,regular,0,NA,NA,NA
White,small,2,NA,NA,NA
White,small,2,1,NA,NA
Black,small,1,1,NA,NA
Black,regular,0,NA,NA,NA
Black,regular,0,NA,618,659
White,small,1,NA,NA,NA
White,small,4,1,678,650
Black,regular,0,NA,NA,NA
White,regular,0,1,NA,NA
White,small,1,NA,NA,NA
Black,small,1,NA,NA,NA
Black,regular,1,1,NA,NA
Black,small,3,1,706,684
Black,regular,0,NA,NA,NA
Black,small,2,NA,NA,NA
White,regular,0,1,NA,NA
Black,small,4,NA,NA,NA
Black,small,4,NA,NA,NA
Black,small,2,1,NA,NA
Black,small,2,NA,705,689
Black,regular,0,0,NA,NA
Black,small,4,0,680,723
Black,small,1,1,NA,NA
Black,regular,0,NA,NA,NA
Black,regular,0,1,NA,NA
Black,small,4,0,NA,NA
Black,regular,0,NA,NA,NA
White,regular,0,0,NA,NA
Black,small,2,0,NA,NA
Black,regular,0,1,758,729
Black,regular,0,NA,NA,NA
Black,small,3,1,NA,NA
Black,small,1,NA,NA,NA
Black,regular,1,NA,NA,NA
Black,small,3,NA,689,768
Black,regular,0,NA,NA,NA
Black,small,4,NA,NA,NA
Black,regular,1,0,NA,NA
Black,small,2,1,719,721
Black,regular,0,1,NA,NA
Black,small,4,NA,NA,NA
Black,small,4,NA,694,671
Black,regular,0,1,NA,NA
Black,regular,0,NA,NA,NA
Black,small,1,0,NA,NA
White,regular,0,0,NA,NA
White,regular,0,NA,NA,NA
Black,regular,0,1,727,715
Black,regular,0,NA,NA,NA
White,small,2,NA,NA,NA
Black,small,1,NA,NA,NA
Black,regular,0,NA,NA,NA
Black,regular,0,NA,NA,NA
White,small,4,NA,NA,NA
Black,small,4,0,NA,NA
Black,regular,0,NA,NA,NA
Black,small,1,0,NA,NA
Black,small,1,NA,NA,NA
Black,regular,0,1,NA,NA
White,small,1,1,NA,NA
Black,regular,0,1,NA,NA
Black,small,1,NA,NA,NA
Black,regular,0,NA,NA,NA
Black,regular,0,NA,NA,NA
Black,regular,0,0,NA,NA
Black,small,4,1,NA,NA
Black,regular,0,NA,NA,NA
White,regular,0,NA,NA,NA
Black,regular,2,1,744,724
White,small,1,1,NA,NA
Black,small,4,NA,NA,NA
Black,small,4,NA,NA,NA
Black,small,3,NA,NA,NA
White,regular,0,1,676,721
White,regular,0,1,NA,NA
Black,regular,0,NA,NA,NA
Black,small,1,1,NA,NA
White,regular,2,1,662,528
Black,regular,0,1,740,701
Black,small,1,1,NA,NA
Black,small,4,NA,670,724
Black,regular,0,1,NA,NA
Black,regular,0,1,NA,NA
White,small,4,NA,636,710
Black,small,2,NA,NA,NA
White,small,2,NA,NA,NA
Black,small,1,1,NA,NA
White,small,4,1,653,548
White,small,2,NA,NA,NA
White,regular,0,NA,666,591
White,regular,0,NA,646,695
Black,regular,0,NA,NA,NA
White,small,1,NA,NA,NA
White,regular,0,NA,712,682
White,regular,2,NA,NA,NA
White,regular,0,1,533,650
Black,small,4,1,654,605
White,small,2,1,NA,NA
White,small,1,NA,NA,NA
White,regular,0,1,702,741
White,small,2,NA,NA,NA
White,small,1,NA,NA,NA
White,regular,0,NA,NA,NA
White,regular,0,NA,NA,NA
Black,regular,0,1,713,712
White,regular,0,NA,NA,NA
White,small,4,1,647,701
White,small,4,1,740,763
Black,regular,0,NA,NA,NA
White,regular,0,0,NA,NA
White,regular,0,NA,684,664
White,small,2,NA,NA,NA
White,regular,0,0,NA,NA
White,small,1,1,758,794
White,regular,0,NA,NA,NA
White,small,4,1,724,713
White,small,4,1,531,528
White,small,1,NA,NA,NA
White,regular,0,1,NA,NA
White,small,4,1,705,726
White,small,4,NA,NA,NA
White,small,4,1,643,528
White,small,2,NA,NA,NA
White,regular,0,1,NA,NA
White,regular,0,NA,NA,NA
White,small,1,NA,NA,NA
White,small,4,NA,NA,NA
White,regular,0,NA,NA,NA
Black,regular,0,1,NA,NA
White,regular,0,NA,NA,NA
White,small,2,0,NA,NA
White,regular,0,NA,744,679
Black,regular,0,NA,NA,NA
White,small,2,NA,NA,NA
White,regular,0,1,NA,NA
White,small,1,0,NA,NA
Black,small,1,NA,NA,NA
White,small,3,NA,NA,NA
White,small,4,1,662,697
White,small,4,1,686,705
Black,regular,0,0,NA,NA
White,regular,0,1,821,784
White,regular,0,1,683,733
Black,regular,0,NA,NA,NA
White,regular,0,1,NA,NA
Black,small,1,NA,NA,NA
White,small,4,NA,NA,NA
White,regular,0,1,821,767
White,regular,0,NA,NA,NA
White,regular,0,NA,NA,NA
White,small,4,1,729,763
Black,small,2,NA,NA,NA
White,small,4,1,741,740
White,regular,0,0,NA,NA
White,regular,0,1,758,726
White,small,4,0,640,620
White,small,1,NA,NA,NA
White,small,1,NA,NA,NA
Black,small,4,NA,678,528
White,regular,0,NA,689,648
White,small,3,NA,NA,NA
White,regular,0,NA,NA,NA
Black,regular,0,NA,NA,NA
White,regular,2,0,708,712
White,small,4,1,744,836
White,regular,0,NA,NA,NA
White,small,4,1,697,764
White,small,1,NA,NA,NA
Black,regular,0,NA,NA,NA
White,small,4,1,729,733
White,small,4,1,742,761
White,regular,0,NA,NA,NA
White,small,4,NA,NA,NA
White,regular,0,NA,NA,NA
White,small,2,NA,699,729
White,regular,0,1,NA,NA
White,small,2,0,NA,NA
White,small,2,NA,NA,NA
White,small,4,NA,722,755
White,regular,0,1,716,760
White,small,3,NA,NA,NA
White,small,2,1,NA,NA
White,regular,0,NA,550,666
White,small,1,NA,NA,NA
White,small,4,NA,707,747
White,small,4,NA,NA,580
White,regular,0,1,758,736
White,small,4,1,701,695
White,small,1,NA,NA,NA
White,regular,0,NA,654,634
White,small,4,1,739,737
White,small,2,NA,NA,NA
Black,regular,0,NA,669,674
White,small,4,1,821,756
White,small,4,1,713,781
White,regular,0,NA,702,794
White,regular,0,NA,NA,NA
White,small,1,NA,NA,NA
White,small,4,NA,NA,NA
White,regular,0,NA,729,836
White,small,1,1,728,727
White,regular,0,NA,NA,NA
White,regular,0,NA,NA,NA
Black,small,1,NA,NA,NA
White,small,4,1,747,836
White,regular,0,NA,633,673
White,regular,0,1,689,671
White,regular,0,NA,NA,NA
White,regular,0,1,744,836
White,small,2,NA,NA,NA
White,regular,0,1,NA,NA
White,regular,2,1,693,703
White,regular,0,NA,NA,NA
White,small,4,NA,NA,NA
White,regular,0,1,NA,NA
White,regular,1,1,NA,NA
White,regular,0,1,692,778
White,regular,0,1,NA,NA
White,small,4,1,738,NA
White,regular,1,1,NA,NA
White,small,4,1,750,763
White,small,2,1,NA,NA
White,small,3,NA,NA,NA
White,small,4,NA,723,749
White,small,4,1,707,715
White,small,4,1,767,750
White,regular,0,NA,NA,NA
White,regular,2,1,740,741
Black,small,4,NA,687,682
White,regular,0,NA,693,743
White,regular,0,1,NA,NA
White,small,4,1,702,741
White,regular,0,0,695,696
White,small,1,NA,NA,NA
White,regular,0,1,712,740
White,small,4,0,717,741
White,small,4,1,821,796
White,regular,0,NA,NA,NA
White,regular,0,NA,NA,NA
White,small,4,NA,660,606
White,regular,0,1,758,745
White,small,4,0,665,620
White,small,2,0,NA,NA
White,regular,0,1,740,741
White,regular,0,NA,NA,NA
White,small,2,1,NA,NA
White,regular,0,1,NA,NA
White,regular,0,1,674,704
White,small,1,1,NA,NA
White,small,1,1,739,836
White,regular,0,0,741,753
White,small,2,NA,NA,NA
White,small,1,1,NA,NA
White,small,2,1,NA,NA
White,small,1,1,NA,NA
White,regular,0,NA,NA,NA
Black,small,1,NA,NA,NA
White,small,4,0,713,707
White,regular,0,1,NA,NA
White,small,3,NA,NA,NA
White,regular,0,NA,684,794
White,regular,0,1,690,728
White,regular,0,NA,NA,NA
White,small,4,NA,740,644
Black,regular,0,1,741,722
Black,small,1,NA,NA,NA
White,regular,0,1,741,722
White,small,1,1,NA,NA
White,regular,0,1,704,699
White,small,4,1,715,762
White,regular,0,NA,702,716
White,small,4,NA,654,727
White,small,1,NA,NA,NA
White,small,1,NA,NA,NA
White,small,1,1,NA,NA
White,small,4,0,535,705
White,small,1,0,695,741
White,regular,0,0,675,721
White,regular,3,1,758,769
White,small,2,NA,NA,NA
White,regular,0,NA,NA,NA
White,small,4,1,686,742
White,small,4,1,758,778
White,small,1,NA,NA,NA
White,small,4,NA,758,747
White,regular,0,NA,NA,NA
White,small,4,1,740,785
White,regular,3,1,705,724
White,regular,0,NA,NA,NA
White,regular,3,NA,741,784
Black,small,4,1,NA,NA
White,small,4,1,769,761
White,small,4,NA,670,676
White,small,4,NA,714,836
White,small,4,1,758,721
White,regular,0,NA,NA,NA
White,regular,0,NA,699,709
White,regular,0,1,739,782
White,small,4,NA,NA,NA
White,small,1,0,NA,NA
White,regular,2,0,NA,NA
White,regular,0,1,738,742
White,regular,0,NA,NA,NA
White,small,3,NA,NA,NA
White,regular,0,1,NA,NA
White,small,1,NA,NA,NA
White,small,2,1,NA,NA
White,regular,0,1,712,778
White,small,4,1,714,744
White,small,4,1,728,784
White,regular,0,NA,758,734
White,small,4,NA,821,710
White,regular,0,1,NA,NA
White,regular,0,1,758,767
White,small,4,NA,775,728
White,small,3,NA,NA,NA
White,small,4,1,741,784
White,small,4,NA,688,758
White,regular,0,NA,645,744
White,regular,0,NA,603,669
White,small,1,1,NA,NA
White,regular,0,NA,NA,NA
White,regular,0,0,NA,NA
White,regular,0,NA,691,632
White,regular,3,NA,638,528
White,regular,0,1,724,667
White,regular,0,1,686,698
White,regular,0,NA,678,716
White,small,4,1,744,836
White,regular,0,1,758,763
White,small,3,1,NA,NA
Black,small,4,NA,666,674
White,regular,0,1,773,741
Black,small,1,NA,726,722
White,regular,0,0,NA,NA
White,regular,0,1,710,736
White,regular,0,1,NA,NA
White,regular,2,NA,683,715
White,small,3,1,696,757
White,small,4,1,740,778
White,regular,0,1,NA,NA
White,small,3,NA,NA,NA
White,small,1,1,NA,NA
Black,small,1,NA,NA,NA
White,regular,0,NA,NA,NA
White,small,4,0,771,688
White,small,1,1,NA,NA
White,small,4,0,664,742
White,regular,0,NA,NA,NA
White,regular,0,NA,NA,NA
White,small,1,0,NA,NA
White,regular,0,1,694,763
White,small,4,1,681,704
Black,small,4,NA,659,621
White,small,4,1,744,794
White,regular,0,NA,821,763
White,regular,0,1,NA,NA
White,regular,0,NA,NA,NA
Black,regular,0,1,730,736
White,regular,0,1,NA,NA
White,regular,0,NA,NA,NA
Black,regular,0,NA,741,647
White,small,4,NA,758,742
White,small,4,NA,692,759
White,small,4,1,655,709
White,regular,0,1,767,760
White,small,4,1,741,735
White,small,4,1,701,740
White,small,4,1,740,741
White,small,4,1,735,761
Black,regular,0,1,678,681
White,small,2,NA,NA,NA
White,regular,0,1,758,760
White,regular,0,1,684,622
White,regular,0,1,767,765
White,regular,0,NA,704,692
White,regular,1,1,722,756
White,small,1,NA,NA,NA
White,small,1,NA,NA,NA
White,small,4,NA,541,743
White,regular,0,1,743,836
White,regular,1,1,758,778
White,regular,0,1,603,689
White,regular,0,NA,709,720
White,regular,3,1,749,680
White,regular,0,NA,NA,NA
Black,regular,0,1,NA,NA
White,small,4,1,758,836
White,regular,0,1,715,676
Black,regular,0,NA,NA,NA
White,small,4,NA,666,692
Black,small,2,1,NA,NA
White,small,3,1,699,719
White,regular,0,1,711,695
White,regular,0,0,702,715
White,regular,3,1,821,765
White,regular,0,1,710,728
White,small,4,1,728,836
Black,small,1,0,NA,NA
Black,regular,0,NA,NA,NA
Black,regular,0,0,NA,NA
Black,regular,0,NA,NA,NA
Black,regular,0,NA,NA,NA
Black,small,3,NA,NA,NA
Black,regular,0,NA,NA,NA
Black,regular,0,NA,NA,NA
Black,regular,0,0,NA,NA
Black,regular,1,0,NA,NA
White,regular,0,NA,712,771
White,small,4,1,706,710
White,small,1,NA,NA,NA
White,regular,0,1,741,784
White,regular,0,NA,743,748
White,regular,0,1,662,714
White,regular,0,1,715,765
White,regular,0,NA,NA,NA
White,small,4,NA,704,724
White,small,2,0,NA,NA
White,small,1,1,NA,NA
White,regular,0,1,697,604
White,small,3,0,NA,NA
White,regular,0,1,658,688
White,regular,0,NA,NA,NA
White,small,1,NA,NA,NA
White,regular,0,1,NA,NA
White,small,4,NA,723,732
White,small,3,1,NA,NA
White,regular,0,1,NA,NA
White,regular,0,NA,724,734
White,small,1,NA,NA,NA
White,regular,0,NA,705,717
White,small,4,1,690,730
White,regular,0,NA,732,750
White,small,4,1,698,782
White,regular,0,NA,NA,NA
White,small,4,NA,711,751
White,small,3,1,NA,NA
White,regular,0,1,NA,NA
White,small,2,1,NA,NA
White,small,4,NA,716,722
White,regular,0,1,NA,NA
White,regular,0,NA,661,629
White,small,1,NA,NA,NA
White,regular,3,1,726,757
White,small,4,0,684,731
White,small,4,1,662,632
White,small,4,NA,677,723
White,regular,0,1,NA,NA
White,regular,2,1,771,739
White,regular,0,1,664,700
White,regular,0,NA,NA,NA
Black,regular,0,0,NA,NA
White,regular,0,1,821,705
White,small,1,0,NA,NA
Black,small,1,NA,NA,NA
Black,regular,0,NA,NA,NA
White,regular,0,1,NA,NA
White,small,3,NA,652,626
White,small,4,1,747,736
White,regular,0,0,700,NA
White,regular,3,1,726,NA
White,small,4,1,741,NA
White,regular,0,NA,670,712
White,regular,0,1,NA,NA
White,small,4,1,690,711
White,regular,3,NA,729,760
White,small,4,NA,719,750
White,small,4,1,703,701
White,small,4,0,699,697
White,regular,0,1,648,677
White,regular,0,1,717,836
White,small,3,NA,NA,NA
White,regular,3,NA,NA,NA
White,regular,0,NA,643,646
White,small,1,NA,NA,NA
White,regular,0,NA,NA,NA
White,regular,0,1,NA,NA
White,regular,0,1,NA,NA
White,regular,0,1,728,760
White,regular,0,1,690,695
White,small,4,1,724,737
White,regular,1,0,NA,NA
White,small,4,1,758,714
White,small,4,1,686,745
White,regular,0,1,716,763
White,regular,0,1,NA,NA
White,regular,0,NA,NA,NA
White,regular,0,0,681,728
White,small,2,1,NA,NA
White,regular,0,1,704,668
White,small,4,1,783,836
White,regular,0,NA,NA,NA
White,small,4,1,699,724
White,small,4,1,636,697
White,small,4,NA,696,794
White,small,1,NA,NA,NA
White,regular,0,0,531,641
White,regular,0,1,696,688
White,small,4,1,738,685
White,small,1,NA,NA,NA
White,small,4,NA,704,763
White,regular,0,1,696,734
White,regular,0,NA,NA,NA
White,small,1,NA,NA,NA
White,small,4,1,789,750
White,small,4,NA,704,725
White,regular,0,NA,NA,NA
White,small,4,1,779,782
White,regular,0,1,637,691
White,regular,0,1,739,771
White,small,4,NA,648,528
White,regular,0,0,NA,NA
White,small,4,1,689,705
White,regular,0,1,701,652
Black,small,1,NA,NA,NA
White,small,1,NA,NA,NA
White,regular,3,1,691,763
White,regular,0,0,NA,NA
White,small,1,NA,NA,NA
Black,regular,0,NA,NA,NA
White,small,4,1,679,660
White,regular,0,NA,736,691
White,regular,0,1,NA,NA
White,regular,0,1,695,738
White,regular,3,0,707,760
Black,regular,0,NA,NA,NA
White,small,2,1,NA,NA
Black,regular,0,1,707,721
White,small,4,NA,715,715
White,regular,0,1,NA,NA
White,regular,0,1,NA,NA
White,regular,0,1,727,689
White,regular,0,NA,767,750
White,regular,0,1,711,751
White,regular,0,1,741,724
White,small,4,NA,NA,NA
White,small,4,1,741,836
White,regular,0,NA,NA,NA
White,small,4,0,672,690
White,regular,0,NA,758,741
White,small,4,NA,NA,NA
White,small,2,NA,NA,NA
White,small,4,1,708,730
White,regular,0,NA,704,735
White,regular,0,1,721,743
White,small,4,1,744,709
White,regular,0,NA,NA,NA
White,regular,0,1,709,699
White,regular,0,1,NA,NA
White,regular,0,1,702,722
White,small,4,1,758,750
White,regular,0,NA,758,676
Black,regular,0,1,692,740
Black,small,2,NA,NA,NA
White,small,4,1,752,778
White,small,4,1,821,836
White,small,2,NA,NA,NA
White,regular,2,1,696,686
White,regular,0,NA,758,717
White,regular,0,NA,NA,NA
White,small,4,NA,645,701
White,regular,0,NA,769,707
White,regular,0,NA,NA,NA
Black,small,1,NA,NA,NA
Black,small,4,0,711,750
Black,small,1,1,NA,NA
Black,regular,0,0,NA,NA
White,regular,0,NA,NA,NA
Black,regular,0,NA,691,686
White,small,4,NA,682,673
Black,regular,0,1,736,678
Black,small,2,1,NA,NA
Black,small,2,0,NA,NA
Black,regular,0,1,NA,NA
Black,small,2,1,731,737
Black,small,4,NA,NA,NA
Black,regular,0,NA,NA,NA
Black,small,3,1,NA,NA
White,regular,0,NA,NA,NA
Black,regular,0,NA,NA,NA
Black,small,4,1,NA,NA
Black,small,4,NA,NA,NA
Black,small,1,NA,NA,NA
Black,small,4,NA,NA,NA
Black,regular,0,NA,NA,NA
Black,regular,0,NA,NA,NA
Black,small,3,NA,NA,NA
White,regular,0,NA,NA,NA
White,small,4,0,689,738
White,regular,1,1,681,760
White,regular,0,1,779,763
White,small,4,1,714,660
White,small,4,NA,NA,NA
White,small,4,NA,694,749
Black,regular,0,1,NA,NA
White,regular,0,NA,702,687
White,regular,0,NA,NA,NA
White,regular,0,1,703,657
White,regular,0,0,NA,NA
White,small,1,1,NA,NA
White,regular,1,NA,NA,NA
White,small,4,NA,685,669
White,small,4,1,728,714
White,regular,0,NA,NA,NA
White,regular,0,NA,NA,NA
White,regular,0,1,686,710
White,regular,0,1,715,693
White,regular,0,NA,731,781
White,small,1,1,NA,NA
White,small,4,NA,NA,NA
White,small,4,1,744,770
White,regular,0,NA,NA,NA
Black,small,1,NA,NA,NA
White,small,2,NA,NA,NA
White,regular,0,1,744,750
White,regular,0,NA,NA,NA
White,small,4,1,652,650
White,regular,0,1,699,712
White,regular,0,NA,821,836
White,regular,0,1,NA,NA
White,regular,1,NA,615,637
White,regular,0,1,711,748
White,regular,0,1,732,749
White,small,4,NA,NA,NA
White,regular,0,NA,703,745
White,small,4,NA,726,738
White,small,1,NA,NA,734
White,small,4,1,741,735
White,regular,0,1,728,731
White,small,4,1,728,731
White,small,3,NA,NA,NA
White,small,4,1,708,760
White,small,3,1,724,725
White,regular,0,NA,674,740
Black,regular,0,NA,NA,NA
White,small,4,1,692,690
White,regular,0,1,691,712
White,small,4,1,744,684
Black,small,4,1,741,733
White,small,2,NA,NA,NA
White,regular,3,1,685,705
White,regular,0,NA,NA,NA
Black,small,1,NA,NA,NA
White,regular,3,1,725,836
White,regular,0,1,NA,NA
Black,regular,0,NA,NA,NA
Black,small,2,NA,NA,NA
Black,regular,0,NA,NA,NA
White,regular,0,NA,NA,NA
Black,small,1,NA,NA,NA
White,regular,0,1,729,715
Black,small,2,1,NA,NA
White,small,3,1,744,739
Black,small,4,0,NA,NA
Black,small,4,0,NA,NA
White,small,2,1,NA,NA
Black,regular,0,NA,NA,NA
Black,regular,2,NA,NA,NA
Black,regular,0,NA,NA,NA
Black,regular,3,1,712,778
Black,regular,0,1,NA,NA
White,small,4,NA,NA,NA
Black,regular,0,1,NA,NA
White,small,3,NA,NA,NA
Black,regular,0,NA,633,666
White,small,4,NA,NA,NA
White,small,4,1,738,736
White,regular,0,1,NA,NA
White,small,4,NA,639,700
White,regular,0,NA,NA,NA
Black,regular,0,1,NA,NA
Black,small,4,NA,NA,NA
White,small,1,NA,NA,NA
White,small,3,1,NA,NA
Black,regular,3,1,769,736
White,small,4,NA,693,623
White,small,4,1,752,691
White,small,4,NA,NA,NA
White,regular,0,0,NA,NA
Black,regular,0,NA,NA,NA
White,regular,2,NA,706,745
White,regular,0,NA,632,528
White,regular,1,0,NA,NA
White,small,4,1,653,683
Black,regular,0,NA,NA,NA
Black,small,2,NA,NA,NA
Black,regular,0,1,NA,NA
Black,small,4,0,707,721
Black,small,4,NA,732,733
White,regular,0,1,732,700
Black,small,4,NA,NA,NA
Black,small,2,NA,NA,NA
Black,regular,0,NA,NA,NA
Black,regular,0,NA,NA,NA
White,small,1,NA,NA,NA
Black,small,4,NA,NA,NA
White,small,3,1,736,782
White,regular,0,NA,725,744
Black,small,3,NA,NA,NA
Black,regular,2,0,658,698
Black,small,4,NA,729,741
White,regular,0,0,NA,NA
White,regular,0,NA,NA,NA
White,regular,0,NA,NA,NA
Black,regular,0,NA,NA,NA
White,regular,0,0,NA,NA
Black,small,4,1,NA,NA
White,small,1,NA,NA,NA
White,regular,0,NA,NA,NA
White,small,1,NA,NA,NA
White,regular,0,NA,NA,NA
White,small,4,1,679,742
White,small,4,1,731,737
White,regular,0,1,NA,NA
Black,regular,1,1,NA,NA
Black,small,3,1,NA,NA
Black,small,3,NA,NA,NA
White,regular,0,NA,NA,NA
Black,small,4,NA,652,708
Black,regular,0,1,821,778
White,regular,0,1,686,750
White,small,4,1,704,722
White,small,2,NA,NA,NA
Black,small,3,NA,NA,NA
White,regular,0,1,758,836
White,small,4,1,724,723
Black,regular,0,NA,NA,NA
White,small,1,NA,659,689
White,regular,0,1,728,750
Black,small,4,1,740,760
Black,regular,0,1,728,676
White,small,4,1,821,784
White,regular,0,NA,NA,NA
White,regular,0,NA,NA,NA
White,regular,0,1,648,677
Black,small,4,1,716,720
Black,small,4,1,702,699
White,small,1,NA,NA,NA
White,regular,0,1,NA,NA
White,small,1,0,NA,NA
White,regular,0,NA,726,785
White,small,4,1,719,836
Black,small,4,1,741,729
White,regular,0,1,NA,NA
White,small,4,0,NA,NA
White,regular,0,NA,NA,NA
White,small,2,NA,NA,NA
White,regular,0,NA,701,685
White,small,4,1,670,NA
Black,regular,0,0,625,685
Black,small,4,1,715,696
White,small,4,1,692,744
Black,regular,0,NA,NA,NA
White,small,4,NA,730,785
White,regular,0,NA,675,710
White,regular,0,NA,NA,NA
Black,regular,0,1,639,635
White,small,1,NA,NA,NA
White,small,4,1,677,740
Black,small,1,NA,NA,NA
Black,small,1,NA,NA,NA
Black,regular,0,1,NA,NA
Black,small,2,NA,657,674
Black,small,4,1,699,740
Black,regular,1,NA,NA,NA
Black,small,4,1,NA,NA
Black,small,1,NA,NA,NA
Black,small,1,NA,NA,NA
Black,regular,0,NA,NA,NA
White,small,1,0,NA,NA
Black,small,4,NA,821,778
White,regular,0,1,NA,NA
Black,regular,3,1,NA,NA
Black,regular,0,1,NA,NA
White,regular,0,1,NA,NA
White,small,4,0,705,785
White,small,2,1,NA,NA
Black,regular,0,1,NA,NA
White,small,3,1,667,739
Black,small,4,NA,NA,NA
White,regular,0,1,728,698
Black,small,1,NA,NA,NA
Black,regular,0,NA,671,586
White,regular,0,NA,NA,NA
White,regular,0,NA,NA,NA
Black,regular,0,NA,700,688
Black,regular,0,NA,731,695
White,small,4,1,715,683
Black,small,3,NA,NA,NA
White,regular,0,1,NA,NA
Black,small,4,NA,707,671
Black,regular,0,1,688,689
White,small,4,NA,705,682
White,small,4,1,717,723
White,regular,3,NA,NA,NA
Black,regular,1,1,696,648
Black,small,4,1,NA,NA
Black,regular,0,NA,NA,NA
Black,regular,0,0,NA,NA
Black,small,4,NA,742,836
Black,small,2,NA,NA,NA
Black,small,4,1,655,700
Black,small,4,1,711,692
White,small,3,NA,NA,NA
White,regular,0,NA,NA,NA
Black,small,2,1,NA,NA
Black,regular,0,1,NA,NA
White,small,3,1,NA,NA
Black,regular,0,NA,NA,NA
White,regular,0,0,NA,NA
White,small,1,1,NA,NA
White,small,4,1,627,702
White,regular,1,1,709,741
White,small,2,1,NA,NA
Black,small,3,NA,NA,NA
Black,regular,0,NA,NA,NA
White,regular,0,NA,NA,NA
White,small,4,NA,NA,NA
White,small,4,1,668,528
White,regular,0,1,690,688
Black,small,4,0,702,737
White,regular,0,NA,NA,NA
White,small,4,1,821,836
Black,small,3,1,NA,NA
Black,regular,0,0,NA,NA
White,small,3,0,NA,NA
Black,regular,0,1,758,715
White,small,2,NA,NA,NA
White,regular,0,NA,NA,NA
Black,small,2,1,NA,NA
Black,regular,0,NA,706,719
White,regular,0,NA,NA,NA
Black,regular,0,NA,NA,NA
White,small,1,NA,NA,NA
White,regular,0,1,767,728
White,small,4,NA,734,794
White,regular,0,0,667,744
White,regular,0,NA,NA,NA
Black,small,3,NA,NA,NA
White,regular,0,NA,NA,NA
White,regular,2,1,758,750
White,regular,0,NA,539,528
Black,small,1,NA,NA,NA
White,small,2,NA,NA,NA
Black,regular,0,NA,NA,NA
White,small,4,1,693,680
White,small,4,1,702,714
Black,regular,0,NA,NA,NA
White,regular,0,1,691,699
White,regular,0,1,NA,NA
White,small,4,1,706,730
White,small,4,0,663,677
White,regular,2,1,689,717
Black,small,1,1,687,NA
Black,small,2,NA,NA,NA
Black,regular,0,NA,NA,NA
Black,small,2,NA,NA,NA
Black,regular,0,NA,NA,NA
Black,small,4,NA,NA,NA
White,small,2,1,715,689
White,small,2,NA,NA,NA
White,small,3,NA,NA,NA
White,regular,3,NA,744,724
White,regular,0,1,704,731
Black,regular,0,NA,NA,NA
White,regular,0,1,744,760
Black,small,1,NA,NA,NA
White,regular,0,1,740,750
White,small,4,1,758,742
Black,small,4,NA,NA,NA
Black,regular,0,NA,NA,NA
White,regular,0,1,727,767
Black,small,1,NA,NA,NA
White,regular,2,0,659,728
White,small,1,NA,NA,NA
White,small,4,1,758,836
White,small,4,NA,NA,NA
White,small,1,NA,NA,NA
Black,small,1,NA,NA,NA
Black,small,3,NA,NA,NA
White,regular,0,NA,NA,NA
White,small,1,NA,NA,NA
White,small,4,NA,NA,NA
White,small,2,NA,NA,NA
White,regular,2,1,NA,NA
Black,small,4,NA,731,686
Black,small,1,NA,NA,NA
Black,regular,0,NA,NA,NA
Black,small,3,NA,NA,NA
Black,small,3,NA,NA,NA
Black,regular,0,1,NA,NA
Black,small,1,NA,NA,NA
White,small,1,1,NA,NA
Black,regular,0,0,NA,NA
Black,regular,0,1,738,642
White,small,1,NA,NA,NA
White,regular,0,NA,NA,NA
White,small,4,NA,701,672
Black,regular,0,NA,NA,NA
White,small,4,1,690,701
White,regular,0,NA,667,651
White,regular,0,1,707,758
Black,regular,0,NA,NA,NA
Black,small,1,NA,NA,NA
Black,small,1,1,NA,NA
Black,regular,0,NA,NA,NA
Black,regular,0,1,NA,NA
Black,small,2,NA,NA,NA
Black,regular,0,NA,NA,NA
White,small,2,1,NA,NA
White,small,1,NA,NA,NA
White,regular,0,NA,821,836
White,regular,0,1,729,695
Black,small,4,1,NA,NA
White,regular,0,NA,665,681
White,regular,0,0,NA,NA
White,small,3,0,758,707
White,regular,0,1,664,725
White,regular,0,NA,NA,NA
White,regular,0,1,NA,NA
Black,small,3,NA,NA,NA
White,small,1,NA,NA,NA
White,regular,0,1,NA,NA
Black,small,4,NA,698,660
White,regular,0,NA,NA,NA
Black,small,4,1,683,701
Black,regular,0,NA,NA,NA
Black,regular,0,NA,NA,NA
White,small,4,NA,692,678
White,small,3,NA,NA,NA
White,regular,0,NA,741,782
White,regular,0,1,NA,NA
White,regular,0,NA,NA,NA
Black,small,1,NA,NA,NA
White,small,4,1,725,730
Black,regular,0,NA,NA,NA
Black,small,4,NA,650,662
Black,regular,0,NA,NA,NA
Black,small,1,NA,NA,NA
White,regular,0,NA,729,712
White,small,4,NA,711,661
White,regular,0,NA,NA,NA
Black,small,1,1,NA,NA
White,small,2,1,NA,NA
White,small,1,NA,NA,NA
White,regular,0,NA,678,699
Black,regular,3,NA,NA,NA
White,regular,0,NA,NA,NA
Black,small,4,1,NA,NA
Black,regular,0,1,693,669
White,regular,0,1,696,720
White,small,4,1,701,686
White,small,4,1,710,694
White,small,1,0,NA,NA
Black,regular,3,1,NA,NA
White,regular,0,NA,NA,NA
White,regular,0,NA,720,691
Black,regular,0,NA,NA,NA
Black,regular,0,NA,680,712
Black,small,4,0,677,700
White,small,1,NA,NA,NA
White,small,4,1,NA,NA
Black,regular,0,NA,NA,NA
White,small,3,NA,NA,NA
Black,small,3,1,734,718
White,small,1,1,739,760
Black,small,2,1,NA,NA
White,regular,0,1,731,757
White,small,4,1,758,708
White,regular,0,NA,NA,NA
Black,small,4,NA,713,717
White,regular,0,1,NA,NA
Black,small,3,NA,NA,NA
White,small,2,1,NA,NA
White,small,4,NA,NA,NA
White,regular,0,1,767,760
Black,regular,0,NA,NA,NA
Black,regular,0,NA,NA,NA
White,regular,0,1,NA,NA
White,small,4,1,NA,NA
White,small,4,1,NA,NA
White,regular,0,1,NA,NA
Black,small,3,1,NA,NA
Black,small,4,1,NA,NA
Black,small,3,1,NA,NA
Black,regular,0,1,742,672
Black,regular,2,NA,NA,NA
Black,regular,0,NA,NA,NA
White,small,1,NA,NA,NA
Black,small,4,NA,NA,NA
Black,regular,0,NA,NA,NA
White,regular,0,NA,NA,NA
White,small,1,NA,NA,NA
Black,regular,0,NA,NA,NA
Black,small,4,1,NA,NA
Black,regular,0,NA,NA,NA
Black,small,4,1,689,650
White,small,1,NA,NA,NA
White,regular,0,NA,NA,NA
Black,small,2,NA,NA,NA
Black,regular,1,NA,NA,NA
Black,regular,0,1,651,612
Black,regular,0,NA,NA,NA
Black,small,4,NA,758,760
White,regular,0,1,NA,NA
Black,regular,0,1,NA,NA
Black,regular,0,NA,NA,NA
Black,small,2,NA,NA,NA
White,regular,0,1,682,719
Black,small,2,NA,NA,NA
Black,regular,3,NA,NA,NA
Black,small,3,NA,NA,NA
Black,small,3,NA,NA,NA
Black,regular,0,0,NA,NA
Black,regular,0,1,NA,NA
Black,small,3,1,NA,NA
Black,small,1,NA,NA,NA
Black,small,1,NA,NA,NA
White,regular,0,NA,NA,NA
Black,small,1,0,NA,NA
White,regular,0,NA,NA,NA
Black,regular,0,NA,NA,NA
Black,regular,0,NA,NA,NA
Black,small,2,NA,NA,NA
Black,regular,0,NA,NA,NA
White,small,2,1,NA,NA
Black,regular,0,1,NA,NA
Black,small,1,NA,NA,NA
White,small,1,1,NA,NA
Black,regular,0,0,NA,NA
Black,small,4,NA,NA,NA
Black,regular,0,1,NA,NA
Black,small,1,NA,NA,NA
Black,small,4,1,NA,NA
Black,regular,0,1,NA,NA
Black,regular,0,1,NA,NA
Black,regular,0,1,NA,NA
Black,regular,2,1,NA,NA
Black,regular,1,1,NA,NA
Black,small,4,1,732,750
Black,regular,0,1,NA,NA
Black,small,1,NA,NA,NA
White,regular,0,1,677,689
Black,regular,0,1,NA,NA
Black,small,3,NA,NA,NA
Black,regular,1,NA,NA,NA
Black,small,2,NA,NA,NA
White,regular,0,1,691,722
Black,regular,0,NA,NA,NA
Black,regular,0,1,NA,NA
White,small,4,1,741,763
Black,small,1,NA,NA,NA
Black,small,1,NA,NA,NA
Black,regular,0,0,NA,NA
White,regular,1,1,NA,NA
White,small,4,1,741,785
White,regular,0,NA,NA,NA
White,small,1,NA,NA,NA
White,regular,0,1,739,836
Black,regular,0,0,NA,NA
Black,small,1,1,NA,NA
White,regular,0,1,NA,NA
White,regular,3,NA,NA,NA
White,regular,0,NA,NA,NA
White,regular,0,1,736,752
Black,regular,0,1,NA,NA
White,small,4,1,706,657
White,regular,0,NA,NA,NA
Black,small,2,1,NA,NA
White,regular,0,NA,NA,NA
Black,regular,0,NA,NA,NA
Black,regular,0,1,NA,NA
White,small,4,NA,NA,NA
White,small,3,1,NA,NA
White,regular,0,1,714,761
White,regular,0,1,NA,NA
Black,regular,0,NA,NA,NA
Black,regular,0,NA,704,836
White,regular,0,NA,740,724
Black,small,4,1,NA,NA
Black,small,1,NA,NA,NA
Black,regular,0,NA,NA,NA
White,regular,0,NA,NA,NA
White,regular,0,NA,682,711
White,regular,1,NA,690,741
Black,small,2,NA,NA,NA
White,regular,0,1,752,709
Black,small,4,NA,692,706
White,small,4,1,NA,NA
White,regular,0,1,NA,NA
White,regular,0,NA,NA,NA
White,small,4,NA,739,712
Black,regular,0,NA,NA,NA
White,small,4,NA,695,694
White,regular,0,NA,705,720
Black,small,4,1,622,708
White,small,4,1,821,763
Black,regular,0,NA,NA,NA
White,regular,0,1,739,730
White,small,1,0,NA,NA
Black,regular,0,NA,NA,NA
Black,small,2,1,NA,NA
White,small,3,1,NA,NA
White,regular,0,NA,NA,NA
White,regular,0,NA,696,687
Black,small,4,NA,NA,NA
White,small,4,1,NA,NA
White,small,4,1,708,731
White,regular,0,1,682,725
White,small,4,NA,706,NA
White,regular,0,NA,720,NA
White,regular,0,NA,685,627
White,small,4,NA,692,706
White,small,4,1,732,677
White,regular,0,1,695,715
White,small,3,NA,NA,NA
White,small,4,NA,726,NA
White,regular,0,0,NA,NA
White,regular,0,1,NA,NA
Black,regular,1,1,NA,NA
White,small,3,1,NA,NA
White,small,1,1,NA,NA
Black,regular,0,NA,NA,NA
Black,small,4,1,NA,NA
White,small,4,NA,711,646
Black,small,1,NA,NA,NA
Black,regular,0,NA,NA,NA
Black,regular,1,0,NA,NA
White,regular,0,NA,NA,NA
White,regular,2,NA,769,736
White,regular,0,1,NA,NA
White,regular,0,1,699,732
White,small,4,NA,NA,NA
White,small,1,NA,NA,NA
White,small,4,NA,741,670
Black,small,1,1,NA,NA
White,regular,0,0,640,662
Black,regular,0,1,NA,NA
White,small,4,NA,689,731
Black,small,4,1,706,731
White,small,4,NA,NA,NA
Black,regular,0,NA,NA,NA
Black,small,1,NA,NA,NA
Black,regular,0,NA,NA,NA
Black,regular,0,NA,NA,NA
Black,regular,0,1,758,711
White,regular,0,0,736,745
Black,regular,0,1,NA,NA
White,regular,0,1,707,722
Black,regular,0,NA,NA,NA
Black,small,2,NA,NA,NA
Black,small,1,0,NA,NA
White,small,3,NA,NA,NA
White,small,2,1,NA,NA
Black,small,2,0,NA,NA
White,regular,0,0,NA,NA
White,small,1,1,NA,NA
Black,regular,0,NA,NA,NA
White,regular,0,1,744,760
White,regular,0,1,677,724
Black,regular,0,NA,NA,NA
Black,regular,0,NA,NA,NA
Black,regular,0,NA,NA,NA
Black,regular,0,1,NA,NA
Black,small,4,1,688,703
White,regular,0,NA,739,756
Black,regular,0,NA,NA,NA
Black,regular,0,NA,NA,NA
Black,regular,0,NA,NA,NA
Black,small,1,1,NA,NA
Black,small,2,NA,NA,NA
White,regular,0,1,821,731
White,regular,0,1,NA,NA
Black,regular,0,NA,NA,NA
White,regular,0,1,NA,NA
Black,small,1,NA,NA,NA
White,regular,3,1,720,744
White,regular,0,1,NA,NA
White,small,2,NA,NA,NA
White,small,4,1,738,836
White,small,4,1,NA,NA
White,regular,0,NA,NA,NA
White,regular,0,1,738,718
White,regular,3,NA,758,836
Black,regular,0,1,NA,NA
White,regular,0,NA,NA,NA
Black,small,2,NA,NA,NA
Black,small,1,0,NA,NA
Black,small,1,NA,NA,NA
Black,regular,0,0,664,708
Black,regular,0,1,NA,NA
White,regular,0,1,719,736
Black,small,1,NA,NA,NA
Black,regular,0,0,NA,NA
Black,small,1,NA,NA,NA
White,small,4,NA,NA,NA
Black,regular,0,1,NA,NA
Black,small,3,0,NA,NA
Black,regular,0,1,704,651
White,regular,0,NA,NA,NA
White,small,1,0,NA,NA
White,small,1,0,NA,NA
White,small,4,NA,NA,NA
Black,regular,0,NA,NA,NA
Black,small,4,1,NA,NA
White,small,1,NA,NA,NA
Black,small,2,1,758,696
Black,regular,0,1,715,734
Black,regular,0,1,NA,NA
White,regular,0,NA,706,778
Black,regular,0,1,721,687
Black,small,1,NA,NA,NA
White,small,2,1,758,718
Black,regular,0,NA,NA,NA
White,small,4,1,758,702
White,regular,0,NA,726,719
Black,small,1,1,NA,NA
White,regular,0,NA,NA,NA
Black,regular,0,0,NA,NA
Black,regular,2,NA,NA,NA
Black,regular,0,NA,NA,NA
Black,small,3,NA,NA,NA
Black,small,3,0,NA,NA
Black,small,4,1,696,NA
White,regular,0,NA,NA,NA
White,small,4,1,NA,NA
White,small,4,1,695,794
White,small,1,NA,NA,NA
White,small,1,1,NA,NA
Black,regular,0,1,NA,NA
White,small,4,1,729,756
White,regular,3,1,728,729
White,small,4,1,741,722
Black,regular,0,NA,NA,NA
Black,regular,0,NA,NA,NA
White,regular,0,0,NA,NA
White,regular,0,0,NA,NA
Black,regular,0,NA,666,682
White,regular,0,NA,NA,NA
White,small,2,1,NA,NA
White,regular,3,1,NA,836
White,regular,0,1,715,836
White,regular,0,NA,704,709
White,regular,0,1,675,665
Black,regular,0,NA,NA,NA
Black,small,1,NA,NA,NA
White,regular,0,NA,NA,NA
White,regular,0,1,716,683
Black,regular,0,0,NA,NA
Black,small,1,NA,NA,NA
White,regular,0,NA,NA,NA
Black,regular,0,1,NA,NA
White,regular,2,NA,670,528
Black,small,1,NA,NA,NA
Black,regular,0,NA,NA,NA
White,regular,0,1,729,752
Black,regular,0,1,701,718
Black,regular,1,1,NA,NA
Black,small,4,1,NA,NA
White,regular,0,0,715,776
White,regular,0,1,749,708
White,small,4,1,686,703
White,regular,0,1,741,750
White,small,4,1,694,731
Black,regular,0,NA,NA,NA
White,regular,0,NA,713,741
White,regular,1,1,773,723
Black,small,1,NA,NA,NA
White,regular,0,NA,NA,NA
White,small,4,1,679,707
White,small,4,1,727,702
Black,small,1,NA,NA,NA
Black,small,4,1,679,734
Black,regular,0,NA,NA,NA
Black,regular,0,NA,NA,NA
Black,small,4,NA,NA,NA
Black,regular,0,NA,NA,NA
White,regular,0,NA,NA,NA
White,regular,0,NA,NA,NA
Black,regular,0,NA,NA,NA
White,regular,0,1,676,760
White,small,4,0,767,735
Black,small,3,NA,NA,NA
White,regular,1,1,NA,NA
White,small,4,NA,744,720
White,small,4,1,742,760
White,regular,0,1,710,717
White,regular,0,NA,667,740
White,regular,0,NA,NA,NA
White,regular,0,NA,NA,NA
Black,regular,0,1,NA,NA
White,small,2,1,NA,NA
White,small,4,1,741,717
Black,small,2,NA,NA,NA
White,regular,0,1,724,732
White,regular,0,1,704,735
Black,regular,0,NA,NA,NA
White,regular,0,1,711,699
White,regular,0,1,707,725
White,small,4,1,766,836
White,regular,0,1,NA,NA
White,small,1,NA,NA,NA
Black,regular,0,1,NA,NA
White,regular,2,1,707,728
White,small,4,NA,727,736
Black,small,4,NA,722,745
Black,small,3,NA,NA,NA
Black,small,2,NA,NA,NA
White,small,4,NA,NA,NA
Black,regular,0,1,692,720
Black,small,4,NA,NA,NA
Black,regular,0,NA,NA,NA
Black,regular,0,1,NA,NA
Black,regular,0,0,NA,NA
White,regular,0,NA,NA,NA
Black,small,4,1,NA,NA
Black,regular,0,0,NA,NA
Black,small,4,1,NA,NA
Black,regular,0,NA,NA,NA
Black,small,3,NA,672,591
Black,regular,0,1,NA,NA
Black,small,2,NA,NA,NA
Black,regular,0,NA,NA,NA
White,small,2,NA,NA,NA
White,small,4,1,749,761
Black,regular,0,0,NA,NA
Black,regular,0,1,NA,NA
White,regular,0,NA,692,668
White,regular,0,1,709,693
Black,small,2,NA,NA,NA
White,small,1,NA,NA,NA
Black,regular,0,0,NA,NA
Black,regular,0,NA,NA,NA
Black,regular,0,NA,NA,NA
Black,small,1,1,NA,NA
Black,regular,0,1,NA,NA
Black,regular,0,NA,NA,NA
Black,regular,0,NA,NA,NA
White,regular,0,NA,NA,NA
Black,regular,0,NA,NA,NA
Black,regular,0,NA,NA,NA
Black,small,1,NA,NA,NA
Black,regular,0,0,NA,NA
Black,small,2,NA,NA,NA
Black,small,3,NA,NA,NA
Black,regular,1,1,NA,NA
Black,regular,0,NA,NA,NA
Black,regular,0,1,NA,NA
Black,small,4,NA,NA,NA
Black,regular,0,NA,NA,NA
Black,regular,2,1,821,722
Black,regular,0,NA,NA,NA
Black,regular,0,1,NA,NA
Black,small,3,1,NA,NA
Black,regular,0,NA,NA,NA
White,regular,2,NA,NA,NA
Black,small,4,1,NA,NA
Black,regular,0,NA,NA,NA
White,regular,0,NA,NA,NA
Black,regular,0,NA,689,655
Black,regular,0,NA,NA,NA
Black,regular,0,NA,NA,NA
Black,small,1,NA,NA,NA
White,regular,0,NA,626,692
White,small,4,1,709,703
White,regular,0,1,700,689
Black,regular,0,1,NA,NA
White,small,1,NA,NA,NA
White,small,4,1,698,760
White,small,4,NA,710,763
White,regular,1,1,NA,NA
White,regular,0,1,NA,NA
White,small,4,1,726,771
White,regular,0,1,676,586
White,regular,0,1,729,743
White,regular,0,1,689,740
Black,regular,0,0,NA,NA
Black,regular,0,NA,NA,NA
Black,small,2,NA,NA,NA
Black,regular,0,NA,672,593
Black,regular,1,NA,NA,NA
Black,small,3,1,NA,NA
White,small,4,1,821,755
Black,small,3,NA,NA,NA
Black,regular,0,1,NA,NA
White,small,4,1,640,702
White,small,2,NA,NA,NA
White,small,4,1,653,689
White,small,4,0,712,742
Black,regular,0,0,NA,NA
Black,regular,0,1,711,707
White,regular,0,NA,719,735
White,regular,0,1,704,724
White,regular,0,1,NA,NA
Black,small,1,NA,NA,NA
Black,small,4,1,NA,NA
Black,regular,0,0,NA,NA
White,regular,0,0,705,732
White,regular,0,NA,NA,NA
White,small,4,1,758,750
White,regular,0,1,709,757
White,regular,0,1,733,708
Black,small,1,NA,NA,NA
Black,regular,0,NA,NA,NA
Black,small,2,NA,NA,NA
Black,small,1,NA,NA,NA
White,regular,0,1,758,760
White,small,4,NA,721,713
White,regular,1,NA,NA,NA
White,regular,0,1,740,746
Black,regular,0,NA,729,721
White,small,4,1,735,750
Black,small,2,NA,NA,NA
Black,regular,0,NA,NA,NA
White,small,4,1,703,723
White,regular,0,1,715,722
Black,regular,0,NA,NA,NA
Black,regular,0,NA,NA,NA
Black,regular,1,NA,NA,NA
Black,small,4,NA,NA,NA
Black,regular,0,1,NA,NA
White,small,4,NA,672,683
White,regular,0,NA,NA,NA
White,small,4,1,NA,NA
White,regular,0,1,NA,NA
White,small,4,NA,NA,NA
White,small,4,NA,741,836
Black,regular,0,0,NA,NA
White,small,1,1,NA,NA
White,regular,0,1,704,711
Black,small,1,NA,NA,NA
Black,regular,0,NA,NA,NA
Black,small,4,1,682,613
White,regular,0,1,NA,NA
Black,regular,1,NA,NA,NA
Black,regular,0,NA,NA,NA
Black,regular,0,0,NA,NA
Black,regular,0,NA,NA,NA
Black,regular,3,NA,635,690
Black,regular,0,0,NA,NA
Black,small,4,1,NA,NA
Black,small,4,1,NA,NA
White,regular,0,1,700,713
White,small,2,0,671,701
White,regular,0,NA,NA,NA
White,small,1,NA,744,760
White,small,2,1,NA,NA
White,regular,0,NA,NA,NA
White,small,4,1,636,NA
White,small,1,1,688,NA
White,small,4,0,684,698
White,regular,0,0,NA,NA
White,regular,0,1,740,836
White,regular,0,1,821,745
White,small,4,1,693,NA
White,regular,0,NA,NA,NA
White,small,4,0,729,712
White,small,4,1,767,782
White,regular,0,NA,NA,NA
White,small,4,1,741,749
Black,regular,0,NA,NA,NA
Black,regular,0,NA,NA,NA
White,small,4,1,678,699
White,small,1,1,NA,NA
White,small,1,NA,NA,NA
Black,small,1,NA,NA,NA
White,regular,0,1,NA,NA
Black,regular,0,NA,NA,NA
Black,regular,0,NA,NA,NA
White,regular,0,1,685,736
White,small,4,1,703,629
Black,small,4,1,672,684
White,regular,0,NA,NA,NA
White,regular,0,NA,NA,NA
Black,regular,0,NA,NA,NA
Black,small,4,1,NA,NA
White,regular,0,1,NA,NA
Black,small,4,NA,727,724
Black,small,4,NA,NA,NA
White,regular,0,1,NA,NA
White,small,1,1,NA,NA
Black,small,1,NA,NA,NA
White,small,1,NA,NA,NA
Black,small,1,NA,NA,NA
Black,regular,3,1,714,698
Black,small,2,NA,NA,NA
White,regular,0,NA,NA,NA
Black,small,1,NA,NA,NA
Black,regular,0,0,NA,NA
Black,regular,0,NA,NA,NA
White,small,4,NA,672,782
White,regular,0,NA,NA,NA
White,regular,0,NA,699,724
White,regular,0,1,NA,NA
Black,regular,0,NA,NA,NA
White,small,4,NA,775,738
Black,regular,0,1,NA,NA
White,regular,0,NA,NA,NA
Black,regular,2,1,771,685
Black,regular,0,NA,NA,NA
White,small,4,0,NA,NA
Black,regular,0,NA,NA,NA
Black,small,1,NA,NA,NA
Black,small,2,NA,NA,NA
Black,regular,0,1,NA,NA
Black,small,2,1,NA,NA
White,regular,0,1,679,740
White,regular,0,NA,NA,NA
White,regular,0,1,768,747
Black,regular,0,NA,NA,NA
Black,regular,0,NA,NA,NA
Black,small,1,NA,NA,NA
Black,small,4,1,NA,NA
Black,small,2,NA,NA,NA
White,regular,0,NA,NA,NA
Black,small,1,NA,NA,NA
White,regular,0,0,705,696
Black,regular,0,NA,NA,NA
Black,small,1,NA,NA,NA
White,regular,0,NA,670,750
White,regular,0,1,679,836
White,regular,2,NA,717,769
White,regular,0,NA,639,641
White,regular,0,1,739,747
White,small,2,NA,NA,NA
White,small,2,NA,729,703
White,regular,0,NA,737,756
White,regular,0,1,717,836
White,regular,0,0,NA,NA
Black,regular,0,1,687,700
Black,regular,0,NA,NA,NA
Black,regular,0,NA,NA,NA
White,regular,0,1,712,680
Black,regular,0,NA,706,738
Black,small,1,NA,NA,NA
Black,regular,0,NA,NA,NA
Black,small,4,0,570,621
Black,small,1,NA,NA,NA
White,regular,0,NA,NA,NA
White,small,4,NA,700,713
Black,regular,0,1,NA,NA
White,small,2,0,NA,NA
White,small,4,1,744,778
Black,regular,0,1,NA,NA
White,regular,0,0,717,667
White,regular,0,NA,758,736
White,small,4,1,733,691
White,regular,0,1,648,705
White,regular,0,NA,NA,NA
Black,small,3,1,NA,NA
Black,regular,0,NA,NA,NA
Black,regular,0,NA,NA,NA
White,small,4,NA,674,681
White,regular,0,1,NA,NA
Black,small,3,NA,NA,NA
Black,regular,0,NA,NA,NA
Black,small,4,0,NA,NA
Black,regular,0,NA,NA,NA
White,small,1,1,NA,NA
White,small,1,NA,NA,NA
Black,small,1,NA,NA,NA
Black,regular,0,NA,NA,NA
White,small,4,NA,NA,NA
White,regular,0,NA,NA,NA
Black,regular,0,NA,547,528
White,regular,0,NA,738,732
Black,small,1,1,NA,NA
Black,regular,0,NA,NA,NA
Black,regular,0,0,668,687
White,regular,0,NA,NA,NA
White,regular,0,1,690,692
White,regular,3,1,740,782
White,regular,0,1,685,650
White,small,1,NA,NA,NA
White,regular,0,1,716,760
White,regular,0,NA,713,723
White,small,4,NA,725,688
White,small,4,1,710,734
White,regular,0,NA,705,732
White,regular,0,NA,725,679
White,regular,0,NA,652,693
White,regular,0,NA,NA,NA
Black,regular,0,NA,NA,NA
White,regular,0,1,NA,NA
White,regular,0,1,NA,NA
Black,regular,0,1,727,694
Black,regular,0,1,676,692
White,small,4,1,690,725
White,small,4,1,680,653
White,regular,1,0,NA,NA
Black,small,4,NA,678,679
White,regular,0,0,NA,NA
White,small,2,0,NA,NA
White,regular,0,1,NA,NA
White,small,4,1,712,712
White,regular,0,NA,725,700
White,regular,1,1,726,794
Black,small,1,1,NA,NA
White,small,2,1,NA,NA
White,regular,1,1,694,688
White,regular,0,1,718,760
White,small,2,NA,NA,NA
Black,small,4,1,693,734
White,regular,0,1,NA,NA
Black,regular,0,NA,NA,NA
White,small,4,NA,717,836
Black,small,1,NA,NA,NA
Black,regular,0,NA,NA,NA
White,regular,0,NA,717,753
White,regular,0,1,622,727
White,regular,0,NA,NA,NA
Black,regular,0,1,NA,NA
White,regular,0,1,741,746
White,regular,0,1,694,674
Black,small,1,NA,NA,NA
Black,regular,0,NA,NA,NA
White,regular,0,NA,NA,NA
White,regular,0,1,NA,NA
White,regular,0,NA,741,778
White,small,4,1,726,755
White,regular,0,1,NA,NA
White,regular,0,0,688,745
White,regular,0,0,685,719
White,regular,0,NA,NA,NA
White,small,2,1,NA,NA
White,regular,0,1,688,734
White,small,2,0,NA,NA
White,small,1,NA,NA,NA
Black,regular,0,NA,NA,NA
Black,small,2,1,NA,NA
Black,regular,0,NA,NA,NA
Black,regular,0,0,NA,NA
Black,regular,0,1,NA,NA
Black,regular,0,NA,NA,NA
Black,regular,0,1,679,760
Black,regular,0,NA,NA,NA
White,small,1,NA,NA,NA
Black,regular,0,NA,NA,NA
Black,regular,0,1,NA,NA
Black,regular,0,1,NA,NA
Black,regular,0,NA,NA,NA
Black,regular,0,1,NA,NA
Black,small,1,1,NA,NA
Black,regular,0,NA,742,752
Black,small,1,NA,NA,NA
White,small,4,1,821,769
Black,regular,0,1,NA,NA
White,small,4,1,701,738
Black,small,2,0,NA,NA
Black,regular,0,1,711,769
Black,regular,0,NA,666,672
White,small,1,NA,NA,NA
White,regular,0,1,758,731
White,regular,0,NA,NA,NA
White,regular,0,NA,NA,NA
White,regular,0,0,NA,NA
White,small,2,NA,668,724
White,small,2,NA,NA,NA
White,regular,0,NA,NA,NA
White,regular,0,NA,NA,NA
Black,regular,0,NA,NA,NA
White,regular,0,NA,NA,NA
Black,regular,0,1,NA,NA
White,small,1,NA,NA,NA
White,small,4,NA,641,697
White,small,4,1,691,635
White,small,4,1,689,721
White,regular,0,1,NA,NA
White,small,1,1,NA,NA
White,small,4,NA,744,733
Black,regular,0,NA,NA,NA
White,small,3,NA,NA,NA
White,regular,0,1,730,667
White,small,4,1,700,705
White,small,4,1,703,723
White,regular,0,1,679,689
White,regular,0,NA,NA,NA
White,regular,0,NA,NA,NA
White,regular,3,1,714,724
White,regular,0,1,NA,NA
White,regular,0,1,715,739
White,regular,0,1,752,714
White,small,3,NA,NA,NA
White,regular,0,NA,NA,NA
White,regular,0,NA,NA,NA
White,regular,0,1,758,836
Black,regular,0,NA,NA,NA
White,regular,0,NA,NA,NA
White,small,4,NA,758,784
White,small,4,1,690,707
White,regular,0,1,719,710
White,small,1,NA,NA,NA
White,small,2,NA,NA,NA
White,regular,0,NA,NA,NA
White,small,4,NA,NA,NA
White,small,2,1,NA,NA
White,regular,0,1,740,836
White,small,2,1,NA,NA
White,small,1,1,NA,NA
White,small,4,1,NA,NA
White,regular,0,1,743,685
White,regular,0,NA,NA,NA
White,small,2,1,NA,NA
White,regular,0,NA,NA,NA
White,small,4,1,758,NA
White,small,1,NA,NA,NA
White,regular,0,1,713,NA
White,small,4,1,753,745
Black,regular,0,NA,707,682
White,small,2,NA,NA,NA
White,small,4,1,695,734
White,regular,3,1,716,721
White,regular,0,1,735,836
White,regular,0,NA,741,672
White,regular,0,NA,758,725
White,small,4,1,NA,NA
White,regular,0,NA,696,693
White,small,4,NA,747,734
Black,small,1,NA,NA,NA
White,small,4,NA,724,665
White,small,3,NA,NA,NA
Black,regular,3,1,705,707
White,small,1,NA,666,667
White,regular,0,NA,NA,NA
White,small,4,0,697,713
White,regular,0,NA,706,760
Black,regular,0,NA,704,669
Black,regular,0,NA,NA,NA
White,small,4,1,713,744
White,small,4,NA,688,731
White,small,4,1,684,685
White,regular,0,1,NA,NA
White,small,4,1,728,750
White,small,4,1,726,709
White,small,3,NA,NA,NA
White,regular,0,NA,NA,NA
White,regular,0,0,NA,NA
White,small,4,1,NA,NA
White,small,1,NA,NA,NA
Black,regular,0,NA,NA,NA
White,small,4,NA,720,741
White,small,4,1,718,693
Black,regular,0,0,NA,NA
White,regular,0,1,684,719
White,regular,0,NA,NA,NA
White,regular,0,1,727,747
White,regular,0,1,NA,NA
White,small,4,1,719,750
White,small,2,1,NA,NA
White,regular,0,1,NA,NA
White,regular,0,1,758,781
White,regular,0,NA,717,701
White,small,1,1,NA,NA
White,regular,0,NA,740,713
White,small,2,NA,NA,NA
White,regular,3,NA,NA,NA
White,regular,0,1,732,688
White,regular,0,1,758,695
White,regular,0,1,664,717
White,small,1,1,NA,NA
White,small,4,NA,679,720
White,small,4,NA,758,763
White,regular,0,1,712,730
White,small,4,1,769,771
White,regular,0,NA,NA,NA
White,regular,3,1,704,741
White,small,1,NA,NA,NA
White,small,2,0,NA,NA
White,small,2,1,NA,NA
White,regular,0,NA,NA,NA
White,small,4,1,727,736
White,regular,0,NA,NA,NA
White,small,4,1,686,734
White,small,4,0,722,836
White,small,4,1,681,725
White,small,2,1,NA,NA
White,regular,0,1,690,730
White,regular,0,1,703,680
Black,regular,0,1,707,670
Black,small,1,1,639,656
Black,regular,0,NA,NA,NA
White,regular,0,1,708,740
White,regular,0,NA,821,719
White,small,4,1,NA,NA
White,small,1,NA,NA,NA
White,small,4,1,666,721
White,regular,0,1,752,754
White,small,4,1,679,727
White,small,1,NA,NA,NA
White,small,3,NA,NA,NA
White,regular,0,1,723,757
Black,small,4,NA,554,610
White,regular,1,0,NA,NA
Black,small,4,NA,693,718
Black,regular,0,1,NA,NA
White,small,4,1,740,778
White,small,4,1,676,717
White,regular,0,NA,NA,NA
White,regular,0,1,738,836
White,regular,1,1,677,698
White,regular,0,1,643,724
White,regular,0,1,NA,NA
White,regular,0,1,658,699
White,regular,0,0,NA,NA
White,regular,0,0,709,696
White,regular,0,0,707,697
Black,regular,0,NA,NA,NA
White,small,4,NA,758,836
White,regular,0,1,NA,NA
White,regular,0,1,707,726
White,regular,1,NA,NA,NA
White,regular,0,NA,NA,NA
White,regular,0,1,821,721
White,small,3,1,NA,NA
Black,regular,0,1,NA,NA
White,regular,0,0,NA,NA
White,regular,0,1,701,696
White,regular,0,1,744,716
White,small,2,NA,NA,NA
White,small,1,1,NA,NA
Black,regular,0,1,639,620
White,small,1,NA,NA,NA
Black,regular,0,NA,711,744
White,regular,0,NA,683,644
White,small,4,NA,705,686
White,small,3,1,NA,NA
White,small,4,NA,691,667
Black,regular,0,NA,NA,NA
White,small,4,NA,718,739
White,regular,0,NA,NA,NA
White,small,1,NA,NA,NA
White,small,3,NA,NA,NA
White,regular,0,1,821,763
White,regular,0,1,NA,NA
White,regular,0,1,744,771
White,small,1,1,727,737
White,regular,0,1,674,713
White,small,4,1,766,743
White,regular,0,NA,692,677
White,small,2,1,NA,NA
White,regular,0,NA,NA,NA
White,small,3,0,NA,NA
White,regular,0,1,741,741
White,small,4,NA,711,707
White,regular,3,1,705,776
White,regular,0,1,742,741
White,small,4,1,707,719
White,small,1,1,NA,NA
White,regular,2,1,775,722
White,regular,0,NA,689,725
White,small,4,1,709,754
White,regular,0,1,NA,NA
Black,regular,0,NA,NA,NA
White,regular,0,1,705,734
White,regular,0,NA,725,701
Black,regular,0,NA,NA,NA
White,regular,0,0,678,528
Black,small,3,NA,NA,NA
Black,regular,0,NA,NA,NA
White,regular,0,NA,NA,NA
Black,small,4,1,NA,NA
White,small,1,NA,NA,NA
Black,regular,0,0,NA,NA
Black,regular,0,NA,NA,NA
Black,small,3,1,NA,NA
Black,small,4,1,689,734
Black,regular,0,1,641,694
Black,regular,0,0,NA,NA
Black,regular,1,1,NA,NA
White,regular,0,NA,NA,NA
Black,small,4,NA,666,662
Black,regular,0,NA,714,763
Black,small,3,NA,NA,NA
White,small,2,1,NA,NA
Black,regular,0,0,NA,NA
White,small,4,1,731,712
Black,regular,0,0,NA,NA
White,regular,0,1,719,836
White,small,2,1,NA,NA
White,regular,0,0,NA,NA
White,small,4,1,705,757
White,regular,0,NA,NA,738
White,small,1,1,NA,NA
White,regular,0,NA,689,682
White,small,4,1,655,689
White,regular,0,1,727,776
White,small,4,NA,693,716
White,regular,1,NA,687,749
White,small,1,NA,694,665
White,regular,0,NA,NA,NA
White,regular,0,NA,NA,NA
White,regular,0,1,NA,NA
White,small,1,NA,NA,NA
White,regular,0,1,719,836
White,regular,0,1,NA,NA
White,regular,0,1,682,745
White,small,2,NA,542,711
White,small,2,NA,NA,NA
White,regular,0,NA,686,761
White,regular,0,1,758,750
White,small,4,0,724,727
White,small,1,NA,NA,NA
White,regular,2,NA,719,709
White,regular,0,1,715,709
White,regular,0,NA,NA,NA
White,small,4,1,679,738
White,small,1,1,NA,NA
Black,regular,0,NA,NA,NA
White,regular,0,1,710,750
White,regular,0,NA,NA,NA
White,regular,0,1,708,741
White,regular,0,NA,NA,NA
White,regular,0,NA,NA,NA
White,regular,0,NA,NA,NA
White,regular,2,1,728,836
White,regular,0,1,729,745
White,regular,0,NA,NA,NA
White,small,4,1,758,769
White,small,4,1,758,NA
White,regular,1,NA,NA,NA
Black,small,3,1,NA,NA
White,small,4,1,771,763
White,regular,0,NA,NA,NA
White,regular,0,1,753,740
White,small,4,1,717,778
White,small,2,NA,NA,NA
White,small,4,1,741,836
Black,regular,3,NA,NA,NA
White,small,2,1,NA,NA
White,small,4,1,740,763
White,regular,0,NA,726,723
White,regular,0,NA,727,723
White,small,4,NA,707,836
White,regular,0,NA,758,763
White,regular,0,1,821,776
White,regular,0,1,758,720
White,regular,0,NA,758,740
White,regular,0,NA,NA,NA
White,small,4,NA,720,722
White,regular,0,NA,NA,NA
White,small,4,1,747,760
White,small,1,0,NA,NA
White,regular,3,NA,697,727
White,small,1,NA,NA,NA
White,small,1,1,NA,NA
White,small,2,1,NA,NA
White,regular,0,1,NA,NA
Black,regular,0,NA,NA,NA
White,regular,0,1,NA,NA
White,small,4,NA,666,654
White,regular,0,NA,NA,NA
White,regular,0,NA,NA,NA
White,small,4,1,733,718
White,small,4,1,743,713
White,small,4,1,487,689
White,small,1,NA,NA,NA
White,small,2,0,NA,NA
Black,regular,3,1,703,709
White,small,4,1,712,732
White,regular,0,1,743,760
White,regular,0,NA,714,763
White,regular,0,1,727,754
White,regular,0,1,714,714
White,regular,0,NA,NA,NA
White,small,2,1,NA,NA
White,small,3,1,722,693
White,regular,1,1,NA,NA
White,regular,0,1,711,720
White,regular,0,NA,758,836
White,small,4,1,758,836
White,small,4,1,731,678
White,regular,0,1,821,742
Black,regular,2,1,711,684
White,regular,0,1,821,732
White,small,3,NA,NA,NA
White,regular,0,1,NA,NA
White,regular,0,1,NA,NA
White,small,2,1,NA,NA
White,regular,3,1,706,836
White,small,1,NA,NA,NA
White,regular,0,1,NA,NA
White,regular,0,1,NA,NA
White,small,1,1,NA,NA
White,small,4,NA,737,734
White,regular,0,1,NA,NA
White,small,4,1,738,836
White,regular,1,NA,NA,NA
Black,regular,0,NA,NA,NA
White,regular,0,NA,NA,NA
White,small,4,NA,NA,NA
Black,regular,0,NA,NA,NA
Black,regular,0,NA,682,708
White,regular,0,0,NA,NA
White,small,1,NA,NA,NA
White,regular,3,1,758,794
White,regular,0,1,706,757
White,regular,0,1,724,741
White,small,1,NA,NA,NA
White,small,2,0,NA,NA
White,regular,0,1,758,753
White,regular,0,NA,NA,NA
White,regular,0,NA,NA,NA
White,small,4,1,758,750
White,small,4,0,641,677
White,regular,0,NA,NA,NA
Black,small,3,1,690,699
Black,regular,0,1,730,763
White,small,4,1,671,764
White,regular,0,1,NA,NA
White,regular,0,NA,744,727
White,small,1,1,NA,NA
White,regular,0,1,738,725
White,regular,0,1,713,604
White,small,4,1,708,676
White,small,1,NA,NA,NA
Black,regular,0,1,NA,NA
White,small,4,NA,657,701
White,small,1,NA,NA,NA
White,regular,0,NA,NA,NA
White,regular,0,1,712,724
White,small,2,NA,712,736
White,regular,0,NA,714,709
White,small,4,NA,715,721
Black,small,2,NA,NA,NA
Black,regular,0,NA,NA,NA
White,small,4,1,821,702
Black,small,2,NA,NA,NA
White,small,4,1,723,724
White,regular,0,NA,NA,NA
White,small,3,1,729,704
White,regular,1,1,716,725
White,regular,1,1,758,761
White,small,1,1,NA,NA
White,small,2,1,NA,NA
White,small,2,1,NA,NA
White,small,4,NA,732,729
White,regular,0,NA,NA,NA
White,small,4,NA,682,679
Black,regular,0,1,675,687
White,small,4,1,698,836
Black,small,4,1,758,750
Black,small,4,NA,671,706
White,regular,0,NA,687,716
White,regular,0,NA,709,734
White,small,1,0,NA,NA
White,regular,0,NA,NA,NA
White,regular,3,0,718,836
White,regular,0,1,714,667
White,small,4,1,726,704
White,small,4,1,711,739
White,small,4,1,711,691
White,regular,2,1,775,698
White,small,4,1,675,745
White,small,2,NA,NA,NA
White,regular,0,1,NA,NA
White,small,4,1,691,698
White,small,4,1,758,778
White,small,1,1,NA,NA
Black,small,4,0,629,699
White,regular,2,NA,740,690
Black,regular,0,1,NA,NA
Black,small,4,NA,NA,NA
White,small,3,NA,NA,NA
White,regular,0,1,NA,NA
Black,small,1,NA,NA,NA
Black,small,1,NA,NA,NA
Black,small,4,NA,741,744
Black,small,4,NA,NA,NA
White,small,1,NA,NA,NA
White,regular,0,1,NA,NA
White,regular,0,1,718,697
Black,regular,0,NA,NA,NA
Black,small,4,NA,NA,NA
White,small,1,NA,NA,NA
White,regular,0,NA,697,671
White,regular,0,1,683,728
White,regular,0,1,728,760
White,regular,0,1,729,760
White,regular,0,NA,579,713
White,small,4,1,654,673
White,regular,0,1,703,652
White,regular,0,1,740,749
White,regular,0,1,699,710
White,regular,0,1,NA,NA
White,regular,0,1,726,737
White,regular,0,NA,NA,NA
White,regular,0,NA,NA,NA
White,regular,0,1,NA,NA
White,small,4,NA,NA,NA
White,regular,0,0,678,650
White,small,4,NA,643,674
White,regular,0,1,NA,NA
White,regular,3,1,821,696
White,regular,0,1,758,724
White,regular,0,NA,NA,NA
White,small,4,NA,719,730
White,regular,0,1,713,662
Black,regular,0,1,NA,NA
White,small,1,1,NA,NA
White,regular,0,1,NA,NA
White,small,1,NA,NA,NA
White,small,1,NA,NA,NA
White,small,1,NA,NA,NA
White,small,4,1,705,709
White,regular,0,NA,NA,NA
Black,small,2,NA,NA,NA
Black,small,1,NA,NA,NA
White,regular,0,1,NA,NA
White,small,1,NA,672,714
White,regular,0,0,NA,NA
White,regular,0,NA,689,717
White,small,4,NA,697,735
White,regular,0,NA,658,763
White,regular,0,NA,NA,NA
White,regular,0,1,725,738
White,regular,0,NA,758,709
White,small,1,1,NA,NA
White,small,1,1,NA,NA
Black,small,4,1,679,682
White,small,1,NA,NA,NA
Black,regular,0,NA,NA,NA
Black,regular,0,1,741,734
White,regular,0,1,728,750
White,small,4,1,758,836
White,small,4,1,707,716
White,small,4,1,697,584
White,regular,0,NA,NA,NA
White,regular,3,1,691,672
White,small,4,NA,738,NA
White,regular,0,NA,NA,NA
White,small,4,1,537,699
White,small,4,1,741,782
White,small,1,1,NA,NA
White,small,4,NA,692,745
White,regular,0,0,651,676
White,regular,0,NA,NA,NA
White,small,2,NA,NA,NA
Black,regular,0,1,758,673
White,regular,1,0,668,689
White,regular,0,NA,NA,NA
White,regular,0,NA,NA,NA
White,regular,0,NA,NA,NA
White,regular,1,NA,744,836
White,regular,2,NA,487,742
White,regular,0,1,NA,NA
Black,regular,0,1,NA,NA
White,small,4,NA,740,769
White,regular,0,NA,NA,NA
White,small,4,NA,677,731
White,small,4,1,711,667
White,regular,0,NA,763,761
Black,small,1,1,NA,NA
White,regular,0,0,NA,NA
White,small,3,1,821,703
White,small,4,1,665,676
White,small,2,1,NA,NA
White,regular,0,1,NA,NA
White,regular,0,1,730,763
White,small,4,NA,769,711
White,small,4,NA,686,729
White,small,1,0,NA,NA
White,regular,1,NA,758,730
White,regular,3,1,769,769
White,small,4,1,702,754
White,regular,0,0,NA,NA
White,regular,0,1,NA,NA
White,small,4,1,783,758
White,regular,0,NA,650,706
White,small,4,1,712,746
White,small,1,1,749,741
White,regular,0,1,698,737
White,regular,0,NA,727,761
White,regular,0,1,709,708
White,small,1,NA,697,756
White,regular,0,1,NA,NA
White,small,4,1,743,702
White,small,4,NA,718,763
White,small,4,NA,710,756
White,small,4,NA,NA,NA
White,small,4,1,758,763
White,regular,1,NA,NA,NA
White,regular,0,NA,680,760
White,regular,0,NA,NA,NA
White,small,1,1,NA,NA
White,regular,0,NA,NA,NA
White,regular,0,1,688,743
White,regular,0,NA,702,705
White,small,1,NA,NA,NA
Black,small,2,NA,NA,NA
White,small,4,1,727,741
White,small,1,NA,NA,NA
Black,regular,0,0,NA,NA
Black,regular,0,NA,NA,NA
White,small,1,NA,NA,NA
White,regular,3,NA,NA,NA
White,small,1,0,NA,NA
White,regular,1,1,NA,NA
White,regular,0,NA,NA,NA
White,small,2,NA,715,768
White,small,1,NA,NA,NA
Black,regular,0,0,689,646
White,regular,0,1,NA,NA
Black,regular,0,NA,NA,NA
White,small,3,NA,NA,NA
White,regular,2,NA,NA,NA
White,regular,0,NA,NA,NA
White,regular,0,NA,702,740
White,small,4,1,NA,NA
White,regular,0,1,729,836
White,small,4,1,821,778
White,small,3,0,NA,NA
White,regular,0,NA,NA,NA
White,small,4,1,691,836
White,regular,0,1,697,756
White,small,4,NA,679,747
White,regular,0,1,NA,NA
White,regular,0,1,733,723
White,regular,0,0,NA,NA
Black,small,2,NA,NA,NA
White,regular,1,1,745,760
White,regular,0,1,710,716
White,small,2,1,NA,NA
White,regular,0,1,691,669
Black,small,4,1,821,699
White,small,1,1,701,739
White,small,1,NA,NA,NA
White,regular,0,1,678,726
Black,small,4,NA,NA,NA
White,regular,0,1,701,624
Black,regular,0,NA,NA,NA
White,small,4,1,682,666
White,regular,0,1,678,745
Black,regular,0,NA,681,755
White,regular,0,1,NA,NA
White,small,4,1,664,735
White,regular,0,1,NA,NA
White,small,4,0,719,647
White,regular,0,NA,NA,NA
White,regular,3,1,682,661
White,regular,0,1,711,684
White,small,1,1,NA,NA
White,small,4,1,758,759
White,regular,0,1,NA,NA
White,regular,0,0,NA,NA
White,small,1,1,NA,NA
White,small,4,NA,725,693
White,regular,0,1,729,528
White,small,4,0,NA,NA
White,small,1,1,NA,NA
Black,regular,0,NA,NA,NA
Black,small,4,NA,732,699
White,small,4,NA,662,528
White,small,1,1,NA,NA
White,small,4,1,744,701
White,small,4,0,NA,NA
White,small,4,1,702,684
White,small,4,0,NA,NA
Black,small,1,NA,NA,NA
White,regular,0,NA,NA,NA
White,regular,0,1,NA,NA
Black,small,1,NA,NA,NA
Black,regular,0,NA,687,736
Black,small,4,NA,690,692
Black,small,1,NA,NA,NA
Black,regular,0,NA,NA,NA
Black,small,4,1,740,662
White,small,1,1,NA,NA
White,regular,0,NA,NA,NA
Black,regular,0,NA,NA,NA
Black,small,1,1,NA,NA
Black,regular,0,1,714,703
Black,regular,0,NA,NA,NA
Black,regular,0,0,NA,NA
White,regular,0,NA,NA,NA
Black,regular,0,NA,NA,NA
Black,small,1,NA,NA,NA
Black,small,3,1,NA,NA
Black,regular,0,NA,NA,NA
Black,small,4,1,NA,NA
Black,regular,0,1,NA,NA
Black,regular,0,0,NA,NA
White,regular,0,1,NA,NA
White,regular,0,1,NA,NA
White,regular,0,1,703,784
White,regular,0,1,633,649
White,regular,3,1,652,721
White,small,2,1,NA,NA
White,regular,0,1,NA,NA
White,small,4,1,725,784
White,small,4,1,629,621
White,small,4,NA,700,744
White,small,4,NA,702,733
White,regular,0,1,744,751
White,small,2,NA,NA,NA
White,regular,0,1,670,682
White,small,3,0,NA,NA
White,regular,0,NA,758,750
White,small,3,NA,NA,NA
White,regular,0,NA,681,676
White,small,1,NA,NA,NA
White,small,4,NA,NA,NA
White,regular,0,NA,711,681
White,regular,0,NA,NA,NA
Black,small,4,0,662,621
Black,regular,0,1,NA,NA
White,small,1,1,NA,NA
White,small,4,0,741,836
White,regular,0,NA,NA,NA
White,small,4,1,699,713
White,small,4,NA,638,721
White,regular,0,1,711,715
White,regular,0,NA,NA,NA
White,small,4,1,758,721
White,small,3,1,NA,NA
White,small,4,1,703,760
White,regular,0,1,NA,NA
White,regular,0,1,NA,NA
White,small,3,1,717,695
White,small,1,1,NA,NA
White,small,4,1,NA,NA
White,small,4,1,652,NA
White,regular,0,1,739,763
White,small,1,NA,NA,NA
White,small,1,1,NA,NA
White,regular,0,1,NA,NA
White,small,4,1,679,739
White,small,4,1,NA,NA
White,regular,0,1,NA,NA
White,regular,0,0,676,680
White,regular,0,1,707,673
White,regular,0,1,728,785
White,regular,0,NA,NA,NA
White,regular,0,NA,739,781
White,small,4,NA,731,723
White,regular,0,1,700,677
White,small,1,NA,NA,NA
White,regular,0,0,NA,NA
White,small,4,1,738,711
White,small,1,NA,NA,NA
White,regular,1,NA,659,656
White,regular,0,NA,NA,NA
White,small,2,NA,NA,NA
White,regular,3,NA,721,769
White,small,1,1,NA,NA
White,regular,0,1,712,744
White,regular,0,1,765,716
White,regular,0,1,736,722
White,small,2,NA,NA,NA
Black,regular,0,0,NA,NA
White,small,4,1,704,778
White,small,4,1,728,721
White,small,1,NA,NA,NA
White,small,1,NA,NA,NA
White,regular,0,NA,721,708
White,regular,0,1,711,717
White,regular,0,1,697,667
White,regular,0,NA,678,728
White,small,3,NA,729,700
White,small,4,NA,750,742
White,small,1,1,NA,NA
White,small,4,0,679,698
White,small,1,NA,NA,NA
White,small,4,NA,821,753
White,small,4,NA,714,670
Black,small,2,NA,696,662
White,small,4,1,729,763
White,small,4,NA,695,697
White,regular,0,1,726,720
White,small,2,NA,NA,NA
White,small,1,NA,NA,NA
White,regular,0,1,NA,NA
White,regular,0,1,686,703
White,regular,0,1,663,591
White,regular,0,1,714,771
Black,regular,0,NA,NA,NA
White,small,4,NA,719,763
White,small,2,NA,NA,NA
White,small,1,NA,NA,NA
White,small,1,1,NA,NA
White,regular,0,1,NA,NA
Black,small,2,NA,NA,NA
White,small,3,NA,NA,NA
White,small,3,NA,NA,NA
White,regular,0,1,693,750
White,regular,0,1,706,734
White,regular,0,1,NA,NA
White,regular,0,1,NA,NA
White,small,1,0,NA,NA
White,small,4,1,821,836
Black,regular,0,NA,657,710
Black,small,4,1,644,628
White,regular,0,NA,NA,NA
Black,regular,0,NA,NA,NA
White,small,4,1,718,729
White,regular,0,1,712,836
White,small,4,0,699,761
White,small,1,NA,NA,NA
White,small,4,1,742,767
White,regular,0,1,NA,NA
White,small,4,1,744,763
White,small,4,1,710,681
White,small,2,NA,NA,NA
White,small,1,1,710,750
White,small,2,NA,NA,NA
White,small,1,NA,NA,NA
White,small,3,NA,NA,NA
White,small,4,1,736,765
White,small,4,1,704,697
White,small,3,1,698,723
White,small,2,NA,NA,NA
White,small,1,1,NA,NA
White,small,4,1,739,755
White,regular,0,1,732,700
White,regular,0,NA,NA,NA
White,regular,0,NA,NA,NA
White,small,2,NA,NA,NA
White,regular,0,1,758,794
White,small,4,1,708,705
White,small,4,1,731,734
White,regular,0,1,821,794
White,regular,0,1,723,750
White,regular,0,NA,NA,NA
White,small,4,1,757,718
White,small,3,1,NA,NA
Black,regular,1,0,667,686
White,regular,0,1,712,782
White,regular,1,1,821,764
White,small,1,1,NA,NA
White,small,2,NA,NA,NA
White,regular,0,NA,NA,NA
Black,small,1,NA,NA,NA
White,small,4,NA,718,733
White,regular,0,1,NA,NA
White,small,4,1,725,785
White,regular,3,1,741,710
White,small,4,1,726,742
White,small,4,1,702,720
White,regular,3,1,712,764
White,small,4,1,720,682
White,regular,0,1,712,733
White,small,4,1,646,528
White,small,4,0,732,734
White,small,4,NA,715,728
White,small,4,1,699,740
White,small,4,1,758,836
White,small,2,NA,NA,NA
Black,small,4,NA,743,696
White,regular,0,1,719,751
White,regular,2,1,821,796
Black,small,3,NA,NA,NA
Black,small,4,1,NA,NA
Black,small,4,1,698,723
Black,regular,0,1,NA,NA
White,regular,0,NA,NA,NA
White,small,4,1,768,763
White,small,2,NA,NA,NA
White,small,4,1,713,719
Black,regular,0,NA,NA,NA
Black,regular,0,0,NA,NA
Black,small,4,1,NA,NA
Black,small,4,1,NA,NA
White,regular,0,0,707,703
Black,small,4,NA,NA,NA
Black,regular,0,0,NA,NA
Black,regular,0,1,697,727
Black,small,2,NA,NA,NA
White,small,1,NA,NA,NA
Black,regular,0,NA,NA,NA
Black,small,3,NA,NA,NA
White,small,4,NA,769,750
Black,small,4,1,NA,NA
Black,regular,0,NA,NA,NA
Black,regular,0,NA,NA,NA
Black,small,4,1,NA,NA
Black,regular,0,1,NA,NA
Black,regular,0,0,NA,NA
Black,regular,0,NA,NA,NA
White,regular,0,1,719,745
White,regular,0,1,712,784
White,regular,0,NA,NA,NA
White,small,1,NA,NA,NA
White,regular,0,1,NA,NA
White,regular,0,NA,NA,NA
White,small,1,1,NA,NA
White,regular,0,1,716,761
White,regular,0,1,758,755
White,regular,0,NA,758,747
White,regular,0,NA,NA,NA
White,small,2,NA,NA,NA
White,regular,0,1,707,706
White,regular,0,1,NA,NA
White,small,4,NA,736,782
White,small,1,1,NA,NA
Black,small,1,NA,NA,NA
White,regular,0,NA,NA,NA
White,regular,0,NA,715,692
White,regular,0,NA,NA,NA
White,small,3,NA,NA,NA
White,regular,0,1,NA,NA
White,regular,0,1,NA,NA
White,regular,0,1,637,722
White,regular,0,1,NA,NA
White,small,3,0,NA,NA
White,small,1,NA,NA,NA
White,regular,1,NA,664,686
White,small,1,1,NA,NA
White,regular,0,1,NA,NA
White,small,2,NA,NA,NA
White,regular,0,1,NA,NA
White,regular,0,1,NA,NA
White,small,4,NA,728,760
White,small,1,NA,NA,NA
White,small,4,1,711,710
White,regular,0,1,758,716
White,small,2,1,NA,NA
White,small,1,NA,NA,NA
White,regular,0,0,NA,NA
White,regular,0,1,NA,NA
White,small,3,1,716,745
White,small,4,1,747,NA
White,small,3,1,NA,NA
White,small,4,1,NA,NA
White,small,4,1,NA,NA
White,regular,0,1,668,741
White,small,4,1,673,690
White,small,4,1,703,729
White,regular,0,NA,NA,NA
White,small,1,NA,NA,NA
White,regular,0,NA,732,740
White,regular,3,1,758,724
White,small,3,NA,NA,NA
White,regular,0,NA,691,836
White,regular,0,NA,NA,NA
White,regular,0,NA,NA,NA
Black,small,1,NA,NA,NA
White,small,2,1,NA,NA
White,regular,3,1,758,760
White,regular,3,1,NA,NA
White,small,4,NA,684,784
White,small,1,0,NA,NA
White,regular,0,1,NA,NA
White,small,4,NA,718,734
White,small,4,NA,714,748
White,small,4,NA,752,771
White,regular,0,NA,NA,NA
White,regular,0,NA,675,714
White,regular,0,1,654,700
White,small,1,1,NA,NA
White,regular,0,NA,NA,NA
White,small,1,NA,NA,NA
White,small,4,1,666,836
White,regular,0,1,722,728
White,regular,0,1,628,604
White,regular,0,NA,NA,NA
White,small,1,0,NA,NA
Black,regular,0,NA,NA,NA
White,small,2,1,NA,NA
White,regular,0,NA,715,738
White,regular,0,0,NA,NA
White,regular,0,1,723,794
White,small,4,1,703,735
White,small,1,NA,NA,NA
White,small,1,1,NA,NA
White,regular,0,0,NA,NA
White,small,1,1,703,714
White,regular,0,0,NA,NA
White,regular,0,0,NA,NA
White,small,3,NA,NA,NA
White,small,1,NA,NA,NA
White,regular,0,NA,NA,NA
White,regular,0,1,NA,NA
White,regular,0,1,658,689
Black,regular,3,1,NA,NA
White,regular,0,NA,NA,NA
White,small,4,NA,NA,NA
White,small,4,NA,665,721
White,small,1,NA,NA,NA
White,small,3,NA,NA,NA
Black,small,1,NA,NA,NA
White,regular,0,1,NA,NA
White,small,3,1,NA,NA
White,regular,0,NA,NA,NA
Black,small,4,1,NA,NA
White,small,1,NA,NA,NA
Black,small,1,NA,NA,NA
White,regular,0,1,647,710
Black,regular,0,NA,NA,NA
White,regular,0,1,NA,NA
Black,regular,3,NA,659,626
White,regular,0,0,688,719
White,small,1,NA,NA,NA
White,regular,0,NA,NA,NA
White,regular,0,0,NA,NA
White,regular,0,1,693,692
White,regular,0,1,708,731
White,regular,0,NA,NA,NA
White,small,4,NA,718,836
White,regular,0,1,693,725
White,small,4,1,689,713
White,small,4,NA,757,726
White,small,4,1,704,700
White,small,4,1,758,717
White,regular,0,NA,NA,NA
White,regular,1,1,675,720
White,small,4,NA,662,724
White,regular,0,1,749,738
White,small,4,1,694,684
White,small,4,1,686,698
White,small,1,NA,NA,NA
White,regular,0,1,767,699
Black,small,2,0,NA,NA
White,regular,0,1,744,734
White,regular,2,1,NA,NA
White,regular,0,1,NA,NA
White,small,1,NA,NA,NA
White,small,4,1,696,703
White,regular,0,1,NA,NA
White,small,4,NA,700,794
White,regular,0,NA,NA,NA
White,regular,0,NA,648,683
White,regular,0,NA,NA,NA
White,small,2,1,NA,NA
White,small,4,1,728,782
White,small,1,1,714,784
Black,small,4,1,689,693
Black,regular,0,NA,NA,NA
Black,small,1,NA,NA,NA
White,small,1,NA,NA,NA
White,small,4,1,717,770
White,regular,0,NA,672,554
White,regular,0,NA,NA,NA
White,regular,1,1,696,707
White,regular,0,NA,758,741
White,regular,0,1,758,739
White,regular,0,1,NA,NA
White,small,4,1,663,706
White,regular,0,1,725,711
White,small,4,1,773,836
White,regular,0,NA,NA,NA
White,small,4,1,701,752
White,regular,0,1,NA,NA
White,small,4,1,692,760
White,regular,3,1,715,746
White,small,2,NA,NA,NA
White,regular,0,1,695,722
White,regular,0,NA,702,731
White,small,4,1,727,782
White,regular,0,1,NA,NA
White,regular,0,1,NA,NA
White,regular,0,1,NA,NA
White,regular,0,NA,NA,NA
White,small,1,NA,NA,NA
White,regular,0,NA,NA,NA
White,regular,0,1,NA,NA
Black,small,4,NA,657,677
White,regular,0,1,724,709
Black,small,4,NA,NA,NA
White,regular,0,1,739,836
White,small,4,1,738,785
Black,small,1,1,NA,NA
Black,regular,0,NA,NA,NA
Black,regular,0,NA,NA,NA
White,small,1,0,NA,NA
White,regular,0,NA,NA,NA
White,regular,2,1,707,669
Black,regular,0,1,NA,NA
Black,small,3,1,684,674
Black,small,2,NA,NA,NA
White,small,3,NA,NA,NA
Black,regular,0,NA,NA,NA
Black,small,1,NA,NA,NA
Black,small,4,NA,NA,NA
White,regular,0,0,NA,NA
Black,regular,0,NA,NA,NA
Black,small,4,1,739,741
Black,regular,0,1,NA,NA
Black,regular,0,NA,NA,NA
Black,small,1,NA,NA,NA
Black,small,4,NA,711,663
Black,regular,0,1,727,750
Black,small,1,1,NA,NA
White,regular,0,1,NA,NA
Black,regular,0,1,NA,NA
Black,regular,0,NA,NA,NA
Black,regular,0,1,NA,NA
Black,small,4,1,NA,NA
Black,regular,0,NA,NA,NA
Black,small,3,NA,NA,NA
Black,small,4,NA,NA,NA
Black,regular,0,1,NA,NA
Black,small,4,NA,643,660
Black,small,1,0,NA,NA
Black,small,1,1,NA,NA
White,regular,0,1,699,751
White,regular,0,NA,NA,NA
Black,regular,0,1,680,684
White,regular,0,0,NA,NA
White,regular,0,1,682,695
Black,regular,0,1,NA,NA
Black,regular,0,NA,NA,NA
White,regular,1,1,684,755
White,regular,0,0,NA,NA
White,small,4,1,715,696
White,regular,0,NA,NA,NA
White,small,1,NA,NA,NA
White,regular,0,1,696,712
White,small,4,NA,684,745
White,regular,0,NA,NA,NA
White,regular,0,1,724,690
White,regular,0,NA,NA,NA
White,regular,0,1,NA,NA
White,small,4,1,741,745
White,regular,0,1,705,652
White,small,4,1,697,731
White,regular,2,1,725,763
White,small,1,NA,NA,NA
White,small,4,1,739,692
White,small,4,1,650,667
White,regular,3,1,740,836
White,small,4,1,758,782
White,regular,0,0,695,741
Black,regular,3,1,664,717
Black,regular,0,NA,NA,NA
White,regular,0,NA,739,743
White,regular,3,1,685,711
White,regular,0,1,707,731
White,regular,0,NA,NA,NA
White,regular,0,NA,724,836
White,small,1,1,688,698
White,regular,0,1,716,682
White,regular,0,1,NA,NA
White,regular,2,NA,NA,NA
White,regular,0,1,NA,NA
White,small,4,NA,725,740
White,small,2,1,NA,NA
White,small,1,1,NA,NA
White,regular,0,NA,NA,NA
White,small,4,1,723,753
White,regular,0,1,744,736
White,small,1,NA,NA,NA
White,regular,0,NA,NA,NA
White,regular,0,1,707,NA
White,small,2,1,NA,NA
White,regular,1,1,NA,NA
White,small,1,0,NA,NA
White,small,1,NA,NA,NA
White,small,1,NA,NA,NA
White,regular,0,1,NA,NA
White,small,1,1,NA,NA
White,small,4,NA,663,663
White,regular,0,1,NA,NA
White,small,4,1,736,726
White,regular,0,NA,765,750
White,regular,0,NA,NA,NA
White,regular,2,1,758,836
White,regular,0,1,NA,NA
White,regular,0,1,678,745
White,small,4,1,669,655
Black,small,3,NA,NA,NA
White,regular,0,NA,NA,NA
Black,regular,0,1,653,708
White,regular,0,NA,706,693
White,regular,0,1,684,674
White,small,4,1,718,712
White,small,4,1,706,748
White,regular,0,NA,NA,NA
Black,regular,0,1,NA,NA
White,regular,0,NA,702,705
White,regular,0,1,764,760
White,regular,0,1,685,688
White,regular,0,NA,NA,NA
White,small,2,1,NA,NA
White,small,2,NA,NA,NA
White,small,4,NA,688,639
White,small,4,NA,626,662
White,small,1,NA,NA,NA
White,small,1,1,659,682
White,small,3,1,NA,NA
White,small,1,NA,NA,NA
White,regular,0,NA,NA,NA
White,regular,0,1,720,836
Black,regular,0,0,739,725
White,regular,0,NA,722,687
White,small,3,NA,NA,NA
White,small,4,1,633,746
White,small,1,NA,NA,NA
White,regular,0,1,724,745
White,regular,0,NA,NA,NA
Black,small,4,NA,NA,NA
White,small,1,NA,NA,NA
White,small,1,NA,NA,NA
Black,small,2,NA,NA,NA
White,small,1,NA,NA,NA
White,small,1,NA,NA,NA
White,regular,0,NA,NA,NA
White,regular,0,NA,NA,NA
White,small,4,0,668,691
White,regular,0,1,NA,NA
Black,small,1,NA,NA,NA
White,small,1,NA,NA,NA
White,regular,0,1,NA,NA
White,regular,0,NA,NA,NA
Black,small,1,NA,NA,NA
White,regular,0,NA,NA,NA
White,regular,0,NA,NA,NA
Black,regular,0,NA,NA,NA
White,regular,0,1,NA,NA
White,small,3,1,NA,NA
White,regular,0,1,683,679
White,small,4,NA,741,742
White,regular,0,NA,NA,NA
White,regular,0,1,672,709
White,regular,0,NA,NA,NA
White,small,4,1,726,676
Black,small,4,0,709,713
White,regular,0,NA,NA,NA
White,small,4,NA,689,836
White,small,2,NA,NA,NA
White,regular,0,NA,696,725
White,regular,0,1,724,794
White,regular,0,1,741,836
White,regular,0,NA,NA,NA
White,regular,0,NA,NA,NA
White,small,2,NA,NA,NA
White,small,1,NA,NA,NA
White,regular,0,1,721,701
White,small,2,NA,NA,NA
White,regular,0,1,NA,NA
White,regular,0,NA,NA,NA
White,regular,0,NA,690,724
White,regular,0,1,702,681
White,regular,1,1,705,731
White,small,4,1,698,778
White,small,3,NA,NA,NA
White,regular,0,1,701,720
White,regular,0,1,714,704
Black,regular,3,NA,740,528
White,regular,0,1,741,694
White,regular,0,NA,NA,NA
White,regular,3,NA,744,750
White,small,3,0,NA,NA
Black,regular,3,1,707,676
White,small,4,1,743,767
Black,small,2,1,NA,NA
White,regular,0,NA,NA,NA
White,regular,0,NA,758,721
White,regular,0,1,686,736
White,small,3,1,NA,NA
Black,small,3,0,NA,NA
White,small,4,1,767,785
White,regular,0,1,NA,NA
White,regular,0,1,678,703
White,regular,0,0,NA,NA
Black,regular,1,NA,NA,NA
Black,regular,0,0,NA,NA
Black,regular,0,NA,NA,NA
Black,regular,0,NA,NA,NA
Black,small,1,NA,NA,NA
Black,small,2,NA,NA,NA
White,regular,1,1,NA,NA
White,small,4,1,702,721
Black,small,1,NA,NA,NA
White,small,4,NA,683,617
Black,regular,0,NA,NA,NA
Black,regular,0,NA,NA,NA
Black,small,4,1,NA,NA
Black,regular,0,NA,NA,NA
Black,small,2,1,NA,NA
Black,small,1,NA,NA,NA
Black,regular,0,1,NA,NA
Black,regular,0,NA,NA,NA
Black,regular,0,NA,NA,NA
White,regular,0,NA,NA,NA
Black,small,4,1,740,731
White,regular,0,NA,NA,NA
Black,small,1,NA,NA,NA
Black,small,3,0,NA,NA
Black,small,4,0,694,706
Black,small,1,NA,NA,NA
Black,regular,0,NA,NA,NA
Black,small,1,1,NA,NA
White,regular,1,1,707,785
White,small,4,1,717,716
White,regular,0,1,701,778
White,regular,0,1,NA,NA
White,regular,0,NA,NA,NA
White,regular,2,NA,NA,NA
White,regular,0,1,720,741
White,regular,0,NA,653,617
White,regular,0,NA,726,738
White,small,3,NA,NA,NA
White,regular,0,1,NA,NA
White,regular,0,NA,715,728
White,small,1,1,NA,NA
White,regular,0,NA,NA,NA
White,regular,0,1,NA,NA
White,regular,0,1,721,738
White,regular,0,0,582,560
White,small,2,NA,NA,NA
White,small,4,NA,529,667
White,regular,0,NA,NA,NA
White,regular,0,0,716,680
White,small,1,0,NA,NA
White,regular,0,0,722,700
White,small,2,1,728,712
White,small,4,1,718,836
White,regular,0,NA,NA,NA
White,regular,0,NA,691,697
White,regular,0,NA,NA,NA
White,small,4,1,NA,NA
White,regular,0,0,NA,NA
White,regular,0,NA,NA,NA
White,small,2,1,NA,NA
White,regular,3,0,688,739
White,regular,3,1,704,681
White,regular,0,NA,NA,NA
White,regular,0,NA,NA,NA
White,regular,2,1,698,741
Black,small,4,NA,674,667
Black,small,3,NA,NA,NA
Black,small,1,NA,NA,NA
Black,regular,0,NA,NA,NA
Black,regular,0,NA,NA,NA
White,regular,0,NA,670,707
Black,regular,0,NA,NA,NA
Black,small,3,NA,NA,NA
Black,regular,0,NA,NA,NA
Black,regular,0,1,NA,NA
Black,small,1,NA,NA,NA
Black,small,4,NA,NA,NA
Black,regular,0,NA,NA,NA
White,small,1,NA,NA,NA
Black,small,1,NA,NA,NA
Black,regular,0,NA,NA,NA
White,small,4,1,648,700
White,regular,0,NA,NA,NA
White,regular,0,NA,672,690
White,small,4,NA,NA,NA
White,small,2,NA,NA,NA
White,regular,0,NA,718,782
White,small,2,NA,NA,NA
Black,small,2,NA,NA,NA
White,regular,0,NA,NA,NA
White,small,4,1,717,705
White,small,4,1,714,NA
White,regular,1,1,735,736
White,small,1,NA,NA,NA
White,regular,0,1,687,725
White,small,2,NA,NA,NA
Black,small,4,1,821,741
Black,small,1,NA,709,756
Black,regular,0,1,NA,NA
Black,small,1,NA,NA,NA
Black,regular,0,0,NA,NA
Black,small,4,NA,NA,NA
White,regular,0,NA,NA,NA
White,small,3,1,724,745
White,small,4,1,NA,NA
Black,regular,0,NA,NA,NA
Black,small,2,NA,NA,NA
Black,regular,0,NA,NA,NA
Black,regular,1,NA,NA,NA
Black,regular,0,NA,NA,NA
Black,regular,0,NA,NA,NA
Black,small,4,1,NA,NA
Black,regular,0,1,NA,NA
Black,regular,0,NA,NA,NA
White,regular,0,1,694,698
White,regular,0,NA,NA,NA
Black,regular,0,0,NA,NA
Black,regular,0,NA,NA,NA
Black,regular,0,1,NA,NA
Black,regular,1,1,NA,NA
Black,regular,0,0,NA,NA
Black,small,3,1,NA,NA
Black,regular,0,NA,696,700
White,small,4,1,726,696
White,regular,0,NA,NA,NA
White,regular,0,NA,697,665
Black,small,4,NA,NA,NA
Black,regular,0,NA,NA,NA
Black,regular,0,NA,NA,NA
Black,regular,0,1,697,684
Black,regular,0,NA,NA,NA
White,regular,0,NA,NA,NA
Black,small,3,NA,NA,NA
White,small,4,NA,634,687
Black,small,1,NA,NA,NA
Black,small,4,1,821,754
Black,regular,0,1,710,696
Black,small,2,1,NA,NA
Black,regular,0,NA,NA,NA
Black,regular,0,NA,NA,NA
White,regular,0,NA,NA,NA
Black,small,2,1,675,624
White,regular,0,NA,NA,NA
Black,small,1,NA,NA,NA
Black,small,3,1,NA,NA
Black,regular,0,1,NA,NA
Black,small,3,NA,NA,NA
Black,small,3,NA,NA,NA
Black,small,1,NA,NA,NA
Black,regular,0,1,NA,NA
Black,small,2,NA,NA,NA
White,small,4,1,NA,NA
White,regular,0,0,729,781
White,small,1,NA,NA,NA
White,small,1,NA,670,NA
Black,regular,0,1,688,760
Black,small,1,NA,NA,NA
Black,small,2,NA,NA,NA
Black,regular,0,0,NA,NA
Black,regular,0,0,NA,NA
White,regular,0,NA,545,669
Black,regular,0,NA,NA,NA
White,regular,0,NA,689,732
White,small,4,1,769,782
Black,regular,0,NA,NA,NA
Black,small,2,NA,NA,NA
Black,small,4,NA,670,688
Black,regular,0,NA,NA,NA
Black,regular,0,1,NA,NA
Black,regular,0,NA,NA,NA
Black,regular,0,NA,NA,NA
Black,small,4,1,683,675
White,regular,0,NA,NA,NA
Black,small,2,1,726,743
Black,regular,0,1,NA,NA
Black,regular,0,NA,NA,NA
Black,small,1,NA,NA,NA
Black,regular,0,NA,NA,NA
Black,small,1,1,NA,NA
Black,regular,0,NA,NA,NA
Black,small,4,0,NA,NA
Black,regular,0,NA,NA,NA
Black,regular,0,1,NA,NA
Black,small,3,1,NA,NA
Black,small,2,NA,687,694
Black,small,2,1,NA,NA
White,small,1,NA,NA,NA
Black,regular,3,NA,NA,NA
White,small,4,NA,683,687
Black,regular,0,NA,NA,NA
Black,small,1,NA,NA,NA
White,regular,0,0,701,738
White,small,1,1,NA,NA
White,regular,0,1,NA,NA
Black,small,2,NA,NA,NA
White,regular,1,NA,NA,NA
White,regular,0,1,680,694
Black,regular,0,NA,NA,NA
White,small,4,1,692,710
White,regular,0,1,NA,NA
White,small,1,NA,NA,NA
Black,small,4,NA,NA,NA
White,regular,0,1,747,778
White,small,1,1,715,718
White,regular,0,1,758,719
Black,regular,0,NA,NA,NA
White,small,4,1,706,703
White,regular,0,1,702,602
Black,small,3,NA,NA,NA
Black,regular,0,1,NA,NA
White,regular,1,0,NA,NA
White,regular,0,0,684,711
Black,regular,0,NA,NA,NA
Black,regular,0,1,NA,NA
Black,small,1,NA,NA,NA
White,regular,0,1,698,719
Black,regular,0,1,727,698
Black,regular,0,1,NA,NA
Black,small,2,NA,NA,NA
White,small,4,1,694,704
Black,regular,0,NA,NA,NA
White,regular,2,NA,710,740
White,regular,0,1,NA,NA
White,small,2,NA,NA,NA
Black,small,2,NA,NA,NA
White,regular,0,NA,NA,NA
Black,small,1,NA,NA,NA
Black,regular,0,0,662,528
Black,regular,0,1,732,710
Black,small,2,NA,NA,NA
White,small,4,NA,821,776
Black,small,1,0,NA,NA
Black,regular,0,1,NA,NA
White,regular,1,NA,688,756
Black,regular,0,0,NA,NA
Black,regular,0,1,NA,NA
Black,regular,0,1,NA,NA
White,small,4,NA,NA,NA
White,small,4,NA,688,750
Black,regular,0,NA,NA,NA
White,small,4,1,732,713
Black,regular,0,NA,NA,NA
Black,small,4,NA,NA,NA
Black,regular,0,NA,NA,NA
Black,regular,0,NA,NA,NA
Black,regular,0,1,NA,NA
Black,small,4,1,NA,NA
Black,small,2,1,NA,NA
Black,regular,0,1,NA,NA
Black,small,4,1,NA,NA
White,regular,1,NA,NA,NA
White,regular,0,NA,NA,NA
Black,regular,0,NA,NA,NA
White,regular,0,0,NA,NA
Black,regular,0,1,682,646
Black,small,1,NA,NA,NA
Black,small,2,1,NA,NA
White,small,1,NA,NA,NA
Black,regular,0,1,NA,NA
Black,regular,0,0,NA,NA
Black,regular,0,1,758,709
White,regular,0,NA,821,836
White,small,2,NA,NA,NA
Black,regular,0,0,NA,NA
Black,regular,0,NA,NA,NA
Black,regular,0,1,NA,NA
Black,regular,0,1,NA,NA
Black,small,1,NA,NA,NA
White,regular,0,1,673,710
Black,regular,0,NA,NA,NA
White,regular,0,1,NA,NA
Black,small,3,1,NA,NA
White,regular,0,1,724,733
White,small,1,NA,NA,NA
White,small,1,NA,NA,NA
Black,regular,3,1,NA,NA
White,small,4,NA,664,704
White,small,1,1,NA,NA
White,regular,0,NA,NA,NA
White,regular,0,NA,NA,NA
Black,regular,0,1,NA,NA
White,small,3,1,NA,NA
White,small,4,1,674,730
White,small,4,1,725,690
Black,small,3,NA,NA,NA
Black,small,3,NA,NA,NA
Black,regular,0,NA,NA,NA
White,regular,0,1,726,722
Black,small,3,0,NA,NA
White,small,1,NA,NA,NA
White,regular,0,1,NA,NA
Black,regular,0,NA,NA,NA
White,regular,0,NA,NA,NA
Black,regular,1,1,NA,NA
White,small,1,NA,NA,NA
White,regular,0,NA,NA,NA
White,small,1,NA,NA,NA
White,regular,0,1,729,836
White,small,1,NA,NA,NA
White,small,1,1,NA,NA
White,regular,0,NA,NA,NA
White,small,1,NA,NA,NA
Black,regular,0,1,726,718
White,regular,0,0,NA,NA
White,small,4,1,693,771
White,regular,0,NA,NA,NA
White,small,1,NA,NA,NA
Black,regular,0,NA,NA,NA
Black,regular,0,1,NA,NA
Black,regular,0,NA,NA,NA
Black,small,3,NA,NA,NA
Black,small,3,NA,NA,NA
Black,small,1,NA,NA,NA
White,small,4,1,720,658
White,regular,0,NA,NA,NA
White,small,4,NA,725,724
White,small,4,NA,758,750
White,small,1,NA,NA,NA
White,regular,0,NA,726,731
White,regular,0,NA,NA,NA
Black,small,1,NA,NA,NA
White,small,4,1,758,794
Black,regular,0,1,NA,NA
Black,regular,0,NA,NA,NA
White,regular,0,1,765,742
Black,regular,0,NA,NA,NA
Black,regular,0,1,NA,NA
Black,small,1,NA,NA,NA
Black,small,1,NA,NA,NA
Black,small,1,1,NA,NA
Black,regular,0,0,NA,NA
Black,small,1,1,NA,NA
White,small,1,NA,NA,NA
White,small,3,1,NA,NA
White,small,1,NA,NA,NA
Black,small,3,NA,NA,NA
White,regular,0,NA,NA,NA
White,small,1,NA,NA,NA
White,small,1,1,686,687
White,small,2,1,NA,NA
White,small,4,1,677,702
Black,regular,0,NA,NA,NA
Black,small,1,NA,NA,NA
Black,small,1,NA,NA,NA
Black,small,1,NA,NA,NA
White,small,1,NA,NA,NA
White,small,1,NA,NA,NA
Black,small,3,NA,NA,NA
Black,regular,0,NA,741,701
Black,small,1,NA,NA,NA
Black,small,1,NA,NA,NA
White,regular,0,NA,NA,NA
White,small,1,NA,NA,NA
White,regular,0,NA,NA,NA
White,small,1,NA,NA,NA
Black,small,1,NA,NA,NA
Black,regular,0,NA,NA,NA
Black,small,2,NA,NA,NA
Black,regular,0,NA,NA,NA
Black,regular,1,0,NA,NA
Black,regular,0,1,726,767
Black,regular,0,NA,NA,NA
Black,regular,0,NA,NA,NA
Black,small,1,NA,NA,NA
White,regular,0,0,NA,NA
Black,small,2,0,NA,NA
White,regular,0,1,704,701
White,regular,0,1,NA,NA
Black,small,3,1,NA,NA
White,regular,0,NA,NA,NA
Black,small,1,NA,NA,NA
White,regular,0,1,692,723
White,regular,0,NA,NA,NA
White,small,2,NA,NA,NA
White,regular,3,NA,NA,NA
White,regular,0,1,NA,NA
White,small,1,NA,NA,NA
White,regular,0,1,692,734
White,regular,0,1,758,738
White,regular,0,1,NA,NA
Black,regular,0,NA,NA,NA
White,regular,0,NA,671,735
White,regular,0,NA,NA,NA
Black,regular,0,NA,NA,NA
Black,regular,0,NA,668,528
White,small,4,1,NA,NA
White,regular,0,NA,NA,NA
White,regular,0,NA,701,683
Black,small,4,NA,545,627
White,regular,0,NA,NA,NA
White,small,2,1,NA,NA
Black,small,1,NA,NA,NA
White,regular,0,1,775,763
Black,small,1,NA,NA,NA
White,small,1,1,NA,NA
White,regular,0,NA,NA,NA
Black,regular,0,NA,NA,NA
Black,regular,0,NA,666,691
White,small,1,NA,NA,NA
White,regular,0,NA,NA,NA
White,regular,2,1,NA,NA
White,regular,0,NA,NA,NA
Black,regular,0,1,690,740
White,small,1,NA,NA,NA
White,regular,0,1,654,528
White,small,4,1,821,763
Black,small,4,1,NA,NA
White,small,4,NA,714,753
Black,small,3,1,NA,NA
White,regular,0,1,NA,NA
Black,regular,1,1,657,681
White,small,4,NA,NA,NA
Black,small,1,NA,NA,NA
Black,small,3,1,NA,NA
White,regular,0,NA,NA,NA
White,small,1,NA,NA,NA
White,regular,0,NA,740,836
White,small,1,NA,NA,NA
White,small,2,1,NA,NA
Black,regular,0,NA,NA,NA
Black,regular,0,NA,NA,NA
Black,small,4,1,NA,NA
Black,small,4,1,681,696
White,small,4,1,821,763
White,regular,0,NA,NA,NA
White,regular,0,NA,649,718
Black,small,1,NA,NA,NA
Black,small,4,1,NA,NA
White,small,4,1,727,737
White,regular,1,NA,NA,NA
White,small,1,NA,NA,NA
White,small,4,NA,758,694
Black,regular,0,NA,NA,NA
White,regular,0,1,750,730
Black,small,4,NA,NA,NA
Black,regular,0,1,NA,NA
Black,regular,0,1,NA,NA
Black,small,3,1,NA,778
Black,small,1,NA,NA,NA
White,regular,0,1,713,744
White,small,4,1,NA,NA
Black,small,2,NA,NA,NA
White,small,4,NA,728,750
Black,regular,0,NA,NA,NA
Black,regular,0,NA,NA,NA
White,small,1,NA,NA,NA
White,regular,0,1,NA,NA
Black,small,1,NA,NA,NA
Black,regular,0,NA,667,686
White,regular,0,NA,NA,NA
White,small,4,NA,NA,NA
White,small,1,NA,NA,NA
White,small,1,NA,NA,NA
White,small,4,1,692,757
White,regular,0,NA,NA,NA
White,regular,0,NA,NA,NA
White,regular,0,NA,NA,NA
White,small,1,NA,NA,NA
White,small,1,NA,NA,NA
White,small,2,1,NA,NA
White,regular,0,1,716,749
White,small,1,NA,NA,NA
White,small,4,NA,666,686
Black,regular,0,NA,NA,NA
White,regular,0,NA,NA,NA
White,small,4,NA,NA,NA
Black,small,1,NA,NA,NA
White,small,1,NA,NA,NA
White,small,1,NA,NA,NA
White,regular,0,1,701,NA
White,regular,0,NA,NA,NA
White,small,1,NA,NA,NA
Black,regular,0,NA,NA,NA
White,small,1,NA,NA,NA
Black,small,2,0,NA,NA
Black,regular,0,NA,NA,NA
White,small,2,0,NA,NA
Black,regular,0,NA,NA,NA
White,small,4,1,771,756
Black,small,1,0,NA,NA
White,small,4,NA,675,708
White,small,2,NA,NA,NA
White,small,1,NA,NA,NA
White,regular,0,1,NA,NA
White,small,2,NA,NA,NA
White,small,2,NA,NA,NA
White,small,4,0,707,714
Black,regular,0,NA,NA,NA
White,small,1,NA,NA,NA
White,regular,0,NA,NA,NA
Black,regular,0,NA,NA,NA
White,small,4,1,719,753
Black,small,1,1,NA,NA
White,regular,0,NA,NA,NA
Black,regular,0,NA,NA,NA
White,regular,0,NA,NA,NA
White,small,1,NA,662,677
Black,regular,0,NA,NA,NA
White,small,4,0,634,701
White,small,4,NA,727,744
White,small,4,1,735,736
Black,regular,0,NA,NA,NA
Black,small,3,NA,NA,NA
White,small,1,1,NA,NA
White,small,3,1,NA,NA
White,small,1,1,NA,NA
Black,small,4,1,NA,NA
White,regular,0,NA,NA,NA
White,regular,0,NA,NA,NA
Black,regular,1,1,NA,NA
White,regular,0,NA,NA,NA
Black,small,3,0,708,646
White,small,1,NA,NA,NA
White,regular,1,NA,NA,NA
Black,small,4,1,NA,NA
White,regular,0,NA,NA,NA
White,small,4,NA,702,836
White,small,1,NA,NA,NA
Black,small,3,NA,NA,NA
White,small,1,NA,NA,NA
Black,regular,0,NA,NA,NA
White,regular,0,1,NA,NA
Black,small,4,0,704,678
White,regular,3,1,678,713
White,regular,0,NA,NA,NA
White,regular,0,NA,NA,NA
White,regular,0,NA,666,678
White,small,3,NA,NA,NA
White,small,4,1,785,724
White,small,4,1,737,700
White,small,4,1,736,699
White,small,4,0,731,594
White,regular,0,1,719,705
White,small,4,NA,NA,NA
Black,regular,0,0,NA,NA
Black,regular,0,1,NA,NA
Black,small,2,NA,NA,NA
White,regular,0,NA,NA,NA
White,small,4,NA,717,727
Black,small,2,NA,NA,NA
White,small,4,0,602,703
Black,regular,0,NA,NA,NA
White,small,1,NA,NA,NA
White,regular,0,1,NA,NA
White,regular,2,NA,NA,NA
Black,regular,0,NA,NA,NA
Black,regular,0,NA,NA,NA
Black,small,4,NA,NA,NA
Black,small,4,1,NA,NA
Black,small,1,NA,NA,NA
Black,small,4,0,729,727
White,regular,0,1,713,690
Black,regular,0,NA,NA,NA
Black,small,4,1,NA,NA
Black,small,4,0,NA,NA
Black,small,4,NA,NA,NA
White,regular,0,NA,NA,NA
Black,regular,0,NA,NA,NA
White,regular,0,1,NA,NA
Black,regular,0,NA,NA,NA
Black,regular,0,1,NA,NA
Black,small,1,NA,NA,NA
Black,regular,0,1,NA,NA
Black,small,3,0,NA,NA
Black,small,2,NA,NA,NA
Black,small,4,NA,NA,NA
Black,small,1,NA,NA,NA
Black,regular,1,1,NA,NA
White,small,4,0,NA,NA
Black,small,1,NA,NA,NA
White,small,4,1,723,836
White,regular,3,1,NA,NA
Black,regular,0,NA,NA,NA
Black,regular,1,NA,NA,NA
Black,small,4,0,NA,NA
Black,small,4,1,NA,NA
Black,small,4,NA,694,699
Black,small,3,0,NA,NA
Black,regular,0,NA,NA,NA
White,small,3,1,NA,NA
Black,small,4,NA,NA,NA
White,regular,0,NA,NA,NA
Black,small,4,1,NA,NA
Black,small,2,NA,NA,NA
Black,small,2,1,NA,NA
Black,small,4,1,NA,NA
Black,regular,0,NA,NA,NA
Black,small,2,1,NA,NA
White,small,1,NA,NA,NA
White,regular,1,0,NA,NA
White,regular,0,NA,728,718
Black,regular,2,NA,NA,NA
Black,regular,0,0,NA,NA
Black,regular,0,1,NA,NA
Black,regular,3,0,NA,NA
Black,small,3,1,NA,NA
Black,regular,0,NA,NA,NA
Black,regular,0,1,NA,NA
Black,small,3,0,NA,NA
Black,regular,0,NA,NA,NA
Black,regular,0,1,738,656
White,regular,0,NA,NA,NA
Black,small,4,1,704,669
Black,small,4,NA,NA,NA
Black,regular,1,NA,NA,NA
Black,small,4,NA,NA,NA
Black,small,4,1,NA,NA
Black,small,4,1,674,734
Black,regular,0,NA,NA,NA
Black,small,1,NA,NA,NA
Black,small,4,1,NA,NA
White,regular,2,1,821,NA
Black,regular,0,1,NA,NA
White,regular,0,NA,NA,NA
Black,small,4,0,NA,NA
White,small,4,NA,712,700
Black,small,1,NA,NA,NA
Black,small,4,1,687,696
White,regular,1,1,NA,NA
White,regular,1,0,NA,NA
Black,regular,0,NA,NA,NA
Black,regular,0,0,NA,NA
Black,small,4,1,NA,NA
Black,regular,0,NA,NA,NA
Black,regular,0,NA,NA,NA
Black,small,4,0,NA,NA
Black,small,2,NA,NA,NA
Black,regular,0,NA,NA,NA
Black,small,4,0,667,720
Black,regular,1,1,NA,NA
Black,regular,0,NA,NA,NA
Black,small,1,NA,NA,NA
White,regular,1,NA,NA,NA
Black,small,4,NA,NA,NA
Black,small,2,NA,NA,NA
White,small,4,NA,758,731
White,regular,0,1,705,699
White,regular,0,NA,NA,NA
Black,small,4,1,NA,NA
White,regular,0,NA,NA,NA
White,regular,0,0,681,697
White,regular,0,1,717,669
White,small,3,NA,NA,NA
Black,regular,0,1,NA,NA
White,small,3,NA,NA,NA
White,small,1,NA,NA,NA
White,small,1,NA,NA,NA
White,regular,0,NA,NA,NA
Black,regular,0,NA,681,744
White,regular,0,0,729,730
White,small,4,1,767,720
White,small,4,1,682,764
White,regular,0,NA,723,728
White,small,2,NA,NA,NA
White,small,3,NA,NA,NA
White,regular,0,NA,NA,NA
White,regular,0,NA,NA,NA
White,regular,0,NA,NA,NA
White,small,4,1,723,836
Black,small,1,1,NA,NA
White,regular,0,NA,NA,NA
White,regular,0,NA,676,749
White,small,4,NA,NA,NA
White,small,4,NA,718,687
White,regular,0,NA,NA,NA
Black,small,2,0,NA,NA
Black,small,4,NA,NA,NA
White,small,4,NA,680,687
White,regular,0,NA,NA,NA
White,regular,0,NA,726,763
White,small,2,0,NA,NA
White,small,4,NA,NA,NA
White,regular,0,NA,NA,NA
Black,small,3,NA,NA,NA
White,small,2,NA,NA,NA
Black,regular,0,1,NA,NA
Black,regular,0,NA,NA,NA
Black,regular,0,NA,NA,NA
White,regular,0,1,NA,NA
Black,small,2,NA,NA,NA
White,small,1,NA,NA,NA
Black,regular,0,NA,NA,NA
White,small,1,NA,NA,NA
Black,regular,0,NA,NA,NA
White,small,4,NA,NA,NA
White,small,1,NA,NA,NA
White,small,4,NA,NA,NA
White,regular,0,NA,NA,NA
White,regular,0,NA,702,742
Black,small,1,NA,NA,NA
Black,small,1,NA,NA,NA
Black,regular,0,NA,NA,NA
White,small,4,NA,663,735
White,small,1,NA,NA,NA
White,regular,0,1,NA,NA
White,small,2,NA,NA,NA
White,regular,0,NA,NA,NA
White,regular,0,1,NA,NA
White,small,1,NA,758,741
White,small,4,1,753,724
White,small,4,NA,726,708
White,small,1,NA,NA,NA
Black,regular,0,NA,NA,NA
White,regular,0,NA,NA,NA
White,small,1,NA,NA,NA
White,small,1,NA,NA,NA
White,small,2,NA,NA,NA
White,small,1,NA,NA,NA
White,small,1,NA,NA,NA
Black,regular,0,1,712,756
White,small,1,NA,NA,NA
Black,regular,0,NA,NA,NA
White,regular,0,NA,NA,NA
White,small,4,1,709,756
White,small,2,1,NA,NA
White,regular,0,1,722,683
White,small,4,NA,713,734
White,small,2,NA,NA,NA
White,regular,0,0,NA,NA
White,regular,0,NA,NA,NA
Black,small,4,1,732,674
White,small,4,NA,NA,NA
White,regular,0,1,716,736
Black,regular,0,NA,NA,NA
White,regular,0,NA,NA,NA
White,small,1,NA,NA,NA
White,small,1,1,NA,NA
White,regular,0,NA,719,702
White,small,1,NA,NA,NA
White,regular,0,NA,NA,NA
White,small,3,NA,NA,NA
White,regular,0,1,NA,NA
White,regular,0,NA,NA,NA
Black,small,2,NA,NA,NA
White,regular,0,NA,NA,NA
White,small,4,NA,661,742
White,small,4,NA,744,836
White,regular,0,NA,NA,NA
White,small,4,NA,NA,NA
White,small,2,NA,NA,NA
White,regular,0,NA,716,769
White,small,1,NA,743,736
White,small,4,1,758,771
White,regular,0,NA,NA,NA
White,regular,0,1,NA,NA
White,regular,0,0,NA,NA
White,regular,3,1,679,647
White,regular,0,1,703,721
White,small,2,NA,NA,NA
White,small,4,NA,NA,NA
White,regular,0,NA,NA,NA
White,regular,0,0,NA,NA
White,regular,0,NA,NA,NA
Black,small,1,NA,NA,NA
White,regular,0,NA,664,528
White,small,4,NA,715,765
White,small,4,NA,700,760
White,regular,0,NA,721,711
Black,small,4,NA,NA,NA
White,regular,0,NA,NA,NA
White,regular,0,NA,NA,NA
White,small,4,1,715,778
White,small,1,NA,NA,NA
White,small,1,1,629,695
White,small,4,NA,601,661
Black,small,4,NA,710,723
White,regular,0,NA,NA,NA
White,regular,0,NA,739,741
White,small,4,NA,684,709
White,regular,0,NA,710,692
Black,regular,3,NA,708,707
Black,small,2,NA,NA,NA
White,small,4,1,704,740
White,small,4,NA,750,784
White,regular,0,NA,NA,NA
White,regular,0,1,703,713
Black,regular,0,NA,725,683
White,small,3,NA,NA,NA
White,small,1,NA,NA,NA
White,small,4,NA,666,688
White,small,1,NA,NA,NA
White,regular,0,1,701,761
White,regular,0,0,721,836
White,small,1,NA,NA,NA
White,regular,0,1,NA,NA
White,regular,0,1,718,742
White,small,4,NA,758,750
White,small,4,NA,660,728
White,small,4,NA,702,714
White,small,3,1,NA,NA
Black,regular,0,NA,NA,NA
White,regular,0,NA,NA,NA
White,regular,0,NA,NA,NA
White,small,1,NA,NA,NA
White,regular,0,NA,NA,NA
White,regular,0,NA,NA,NA
White,regular,0,1,681,697
White,regular,0,NA,NA,NA
White,small,4,NA,715,728
White,regular,0,NA,698,836
White,small,2,0,677,556
White,regular,0,1,NA,NA
White,regular,0,1,710,731
White,small,1,NA,NA,NA
White,regular,0,NA,731,725
White,regular,0,0,NA,NA
White,regular,0,1,NA,NA
White,regular,0,NA,NA,NA
White,regular,0,1,775,686
White,regular,0,0,692,725
White,regular,0,NA,704,731
White,small,1,NA,723,722
White,small,1,NA,NA,NA
White,regular,0,1,733,836
White,small,1,1,710,713
White,regular,0,NA,NA,NA
Black,regular,0,NA,674,571
White,regular,0,NA,741,763
White,small,1,NA,697,682
White,regular,0,NA,NA,NA
White,regular,0,NA,NA,NA
White,regular,0,1,650,666
White,regular,0,1,758,750
White,small,1,NA,NA,NA
White,small,1,NA,NA,NA
White,regular,0,NA,NA,NA
Black,regular,2,NA,632,561
White,regular,0,NA,697,717
White,regular,0,0,NA,NA
White,regular,0,NA,NA,NA
White,small,4,0,676,724
White,regular,0,NA,NA,NA
Black,regular,0,NA,NA,NA
White,regular,0,NA,NA,NA
Black,regular,0,NA,NA,NA
White,regular,0,1,687,715
White,small,4,1,NA,NA
White,small,2,NA,NA,NA
White,regular,0,NA,NA,NA
White,small,1,NA,NA,NA
White,small,1,NA,709,750
White,regular,0,1,684,761
White,regular,0,1,NA,NA
White,small,4,1,NA,NA
White,small,1,1,709,718
White,regular,0,1,NA,NA
White,small,1,NA,NA,NA
White,small,3,0,525,693
White,small,4,NA,NA,NA
White,regular,0,1,NA,NA
Black,small,2,0,NA,NA
Black,small,1,NA,NA,NA
Black,regular,0,NA,NA,NA
White,regular,0,0,717,712
White,small,4,1,740,741
White,small,4,NA,NA,NA
White,small,1,NA,NA,NA
White,regular,0,NA,NA,NA
White,regular,0,NA,NA,NA
Black,regular,0,NA,NA,NA
White,small,1,NA,NA,NA
Black,small,3,1,NA,NA
White,regular,0,0,NA,NA
White,small,2,NA,NA,NA
White,regular,0,NA,NA,NA
Black,regular,3,1,681,698
Black,regular,0,NA,NA,NA
White,regular,0,0,641,686
White,regular,0,NA,NA,NA
White,small,1,NA,NA,NA
White,regular,0,1,NA,NA
Black,small,3,NA,NA,NA
Black,regular,0,NA,NA,NA
Black,regular,0,NA,NA,NA
White,small,2,NA,NA,NA
White,regular,2,NA,673,NA
Black,small,4,0,719,681
White,small,2,NA,NA,NA
White,regular,0,0,634,630
White,regular,0,NA,NA,NA
White,small,1,NA,NA,NA
White,small,4,1,646,741
Black,regular,3,0,669,669
White,regular,0,1,758,734
White,regular,0,1,NA,NA
White,small,4,0,NA,NA
White,small,4,NA,NA,NA
White,small,4,1,NA,NA
White,small,3,1,NA,NA
White,small,4,1,NA,NA
White,small,1,NA,NA,NA
White,regular,3,1,NA,NA
White,regular,0,1,NA,NA
White,regular,0,NA,NA,NA
White,regular,0,1,NA,NA
White,regular,0,1,NA,NA
White,regular,0,NA,NA,NA
White,regular,0,1,NA,NA
White,small,3,NA,NA,NA
White,small,1,1,NA,NA
White,regular,0,1,676,682
White,regular,0,NA,NA,NA
White,small,3,1,NA,NA
White,regular,3,NA,715,758
White,regular,0,NA,714,649
Black,regular,0,1,695,742
White,small,4,1,NA,NA
Black,regular,0,NA,NA,NA
Black,regular,0,NA,NA,NA
Black,regular,0,NA,NA,NA
White,small,1,NA,NA,NA
Black,small,3,0,NA,NA
White,small,1,1,765,758
White,small,1,NA,NA,NA
Black,regular,0,NA,NA,NA
White,regular,2,1,700,716
White,regular,0,NA,643,666
White,small,1,NA,NA,NA
White,small,1,NA,NA,NA
White,small,3,1,NA,NA
White,small,1,NA,NA,NA
White,small,4,NA,724,712
Black,small,1,NA,NA,NA
White,regular,0,NA,NA,NA
White,small,4,1,647,731
White,regular,0,1,NA,NA
Black,small,4,NA,696,763
White,regular,0,NA,NA,NA
White,regular,0,NA,710,756
White,regular,0,NA,NA,NA
White,small,1,1,NA,NA
White,small,4,1,693,736
White,small,4,1,727,755
White,regular,0,1,695,702
White,small,1,NA,NA,NA
White,small,4,1,714,734
White,regular,0,1,NA,NA
White,small,4,NA,568,657
White,small,4,1,765,771
White,regular,0,NA,NA,NA
White,regular,0,NA,NA,NA
White,regular,0,1,724,NA
White,regular,0,NA,NA,NA
White,small,4,1,726,639
White,regular,0,NA,639,680
White,small,3,NA,NA,NA
White,regular,0,1,739,715
White,small,1,NA,NA,NA
White,regular,0,1,704,702
White,small,1,1,NA,NA
White,regular,0,NA,NA,NA
White,regular,0,NA,NA,NA
White,regular,3,1,688,660
White,regular,0,NA,NA,NA
White,small,4,NA,NA,NA
White,small,2,1,NA,NA
White,small,4,NA,649,NA
White,small,2,NA,NA,NA
White,small,4,1,NA,NA
White,small,4,1,NA,NA
White,small,2,0,NA,NA
White,small,1,NA,NA,NA
White,small,4,0,NA,NA
White,small,3,NA,NA,NA
White,regular,0,NA,NA,NA
White,regular,0,NA,NA,NA
White,regular,0,NA,NA,NA
White,regular,0,NA,NA,NA
White,regular,0,1,NA,NA
White,regular,0,1,NA,NA
White,regular,0,NA,NA,NA
White,regular,0,NA,NA,NA
White,regular,0,1,NA,NA
White,regular,0,NA,NA,NA
White,small,1,NA,NA,NA
White,small,1,NA,NA,NA
White,small,2,NA,NA,NA
White,regular,0,1,693,740
White,small,1,NA,NA,NA
Black,small,2,0,NA,NA
Black,small,1,0,NA,NA
Black,small,4,1,692,711
White,regular,0,NA,NA,NA
Black,regular,0,NA,NA,NA
White,regular,0,NA,NA,NA
White,regular,0,1,NA,NA
White,regular,0,1,758,699
White,regular,0,1,695,715
White,regular,0,1,731,711
White,regular,0,1,665,729
White,small,1,NA,NA,NA
Black,small,4,NA,696,703
White,small,4,1,740,580
White,small,3,NA,694,718
White,small,1,NA,NA,NA
White,regular,0,NA,NA,NA
White,regular,0,NA,NA,NA
White,regular,0,1,711,701
Black,regular,1,NA,NA,NA
Black,regular,0,1,NA,NA
Black,regular,0,1,NA,NA
Black,regular,0,NA,NA,NA
Black,regular,0,NA,NA,NA
Black,regular,0,NA,NA,NA
Black,regular,0,NA,NA,NA
Black,regular,0,NA,NA,NA
Black,regular,0,NA,NA,NA
Black,regular,2,1,NA,NA
Black,regular,0,NA,NA,NA
Black,regular,3,NA,691,643
Black,regular,0,NA,620,528
Black,regular,0,0,NA,NA
Black,regular,0,NA,NA,NA
Black,small,1,1,NA,NA
Black,regular,0,NA,NA,NA
White,regular,0,NA,NA,NA
Black,regular,0,1,NA,NA
White,small,1,NA,NA,NA
Black,small,3,1,NA,NA
White,regular,0,1,696,778
White,regular,0,1,702,726
White,small,1,NA,NA,NA
Black,regular,0,NA,NA,NA
Black,small,3,NA,683,676
White,small,1,NA,NA,NA
White,regular,0,NA,NA,NA
White,regular,1,NA,NA,NA
White,regular,0,NA,NA,NA
White,regular,0,NA,NA,NA
White,small,3,NA,NA,NA
White,regular,0,1,725,729
White,regular,2,1,724,761
White,small,1,NA,NA,NA
White,small,2,NA,NA,NA
Black,regular,0,0,NA,NA
Black,small,1,NA,NA,NA
Black,small,2,NA,NA,NA
Black,small,1,0,NA,NA
Black,regular,0,NA,NA,NA
Black,regular,0,NA,NA,NA
White,small,1,NA,NA,NA
White,small,3,NA,NA,NA
White,regular,0,1,NA,NA
White,small,4,NA,719,706
White,regular,0,0,NA,NA
White,regular,0,1,NA,NA
White,regular,0,NA,694,778
White,small,1,NA,NA,NA
White,small,3,NA,NA,NA
White,small,4,NA,700,771
White,regular,0,NA,NA,NA
White,regular,1,NA,NA,NA
White,regular,0,NA,NA,NA
White,small,1,NA,NA,NA
White,small,1,NA,NA,NA
White,small,3,1,NA,NA
White,regular,1,0,NA,NA
White,small,2,NA,NA,NA
White,small,4,1,NA,710
White,small,2,NA,NA,NA
White,small,4,1,758,720
White,regular,0,NA,NA,NA
White,regular,0,NA,NA,NA
White,regular,0,NA,NA,NA
White,small,4,1,710,732
White,small,4,1,639,750
White,small,1,NA,NA,NA
White,regular,1,1,717,711
White,regular,0,NA,NA,721
White,small,2,NA,NA,NA
White,small,1,1,NA,NA
White,regular,0,NA,767,745
White,regular,0,NA,NA,NA
White,small,2,1,714,725
White,small,2,NA,NA,NA
White,small,1,0,NA,NA
Black,regular,0,NA,NA,NA
White,small,4,1,699,694
White,regular,2,NA,NA,NA
Black,regular,0,NA,NA,NA
White,small,1,NA,NA,NA
White,regular,0,1,NA,NA
White,small,4,1,704,685
White,regular,1,NA,738,724
White,regular,0,NA,NA,NA
White,regular,0,NA,NA,NA
White,regular,0,NA,NA,NA
White,regular,0,NA,NA,NA
White,regular,2,0,719,750
White,small,1,NA,NA,NA
White,regular,0,NA,NA,NA
White,small,2,1,NA,NA
White,small,4,NA,NA,NA
White,small,1,1,647,669
White,small,1,NA,NA,NA
Black,small,1,NA,NA,NA
Black,small,1,NA,NA,NA
Black,regular,0,NA,NA,NA
White,regular,0,NA,NA,NA
Black,regular,0,NA,NA,NA
White,regular,0,1,NA,NA
Black,regular,0,NA,NA,NA
Black,small,1,NA,NA,NA
Black,regular,0,NA,NA,NA
White,regular,0,NA,NA,NA
Black,regular,0,0,NA,NA
White,small,1,NA,NA,NA
White,small,1,NA,NA,NA
